Workbook
Name Poles: 'WEG Motor'!$B$2:$C$2

Sheet Chilled Water Pump (349)
A1: S/N | B1: Rated Tonnage | C1: Flowrate (l/s) | D1: Head (m, calculation) | E1: Head (m, datasheet) | F1: Rated Power (kW, P2) | G1: Motor Input (kW, P1) (Pump + Motor) | H1: Overall Power Input (Pump + Motor + VSD) | I1: Pump Model | J1: Pump Model | K1: Motor Size (kW) | L1: Poles | M1: Motor Eff | N1: VSD Eff | O1: Pump Eff | P1: NPSHR (m) | Q1: Pump Power Limitation (kW/m3/s) | R1: SS553 Power Limitation (kW/m3/s) | S1: Price | T1: Remarks | U1: Motor Input (Calculation)
A2: 0 | C2: =ROUND((B2 * $AA$6 * 1000) / ($X$5*$AA$2*$AA$3),0) -> 0 | D2: =IFERROR(ROUNDUP((U2*$X$3*1000*$X$4*$X$2)/((C2/10^3)*$X$5*$AA$4),2),"") | F2: =((($X$5*$AA$4*(C2*0.001)*E2)/1000)/O2) -> #DIV/0! | G2: =F2/M2 -> #DIV/0! | H2: =G2/N2 -> #DIV/0! | I2: GIGA-I | M2: =INDEX('WEG Motor'!$B$3:$AZ$55, MATCH(K2,'WEG Motor'!$A$3:$A$55,0), MATCH(L2,'WEG Motor'!$B$2:$AZ$2,0))% -> #N/A | N2: 0.92 | Q2: =ROUNDUP(H2/(C2/10^3),2) -> #DIV/0! | R2: 349 | U2: =R2*(C2/10^3) -> 0 | W2: VSD | X2: 0.92 | Z2: △T | AA2: 7 | AC2: Rated Tonnage = Amount if heat needed to melt 1 ton of ice in 24 hrs
D3: =IFERROR(ROUNDUP((U3*$X$3*1000*$X$4*$X$2)/((C2/10^3)*$X$5*$AA$4),2),"") | F3: =((($X$5*$AA$4*(C2*0.001)*E3)/1000)/O3) -> #DIV/0! | G3: =F3/M3 -> #DIV/0! | H3: =G3/N3 -> #DIV/0! | I3: GIGA-B | M3: =INDEX('WEG Motor'!$B$3:$AZ$55, MATCH(K3,'WEG Motor'!$A$3:$A$55,0), MATCH(L3,'WEG Motor'!$B$2:$AZ$2,0))% -> #N/A | N3: 0.92 | Q3: =ROUNDUP(H3/(C2/10^3),2) -> #DIV/0! | U3: =R2*(C2/10^3) -> 0 | W3: Motor | X3: 0.94 | Z3: Specific Heat | AA3: 4.186
D4: =IFERROR(ROUNDUP((U4*$X$3*1000*$X$4*$X$2)/((C2/10^3)*$X$5*$AA$4),2),"") | F4: =((($X$5*$AA$4*(C2*0.001)*E4)/1000)/O4) -> #DIV/0! | G4: =F4/M4 -> #DIV/0! | H4: =G4/N4 -> #DIV/0! | I4: GIGA-N | M4: =INDEX('WEG Motor'!$B$3:$AZ$55, MATCH(K4,'WEG Motor'!$A$3:$A$55,0), MATCH(L4,'WEG Motor'!$B$2:$AZ$2,0))% -> #N/A | N4: 0.92 | Q4: =ROUNDUP(H4/(C2/10^3),2) -> #DIV/0! | U4: =R2*(C2/10^3) -> 0 | W4: Pump | X4: 0.8 | Z4: g | AA4: 9.81 | AC4: Pump Power limitation = Motor Input / Flowrate [m3/s]
D5: =IFERROR(ROUNDUP((U5*$X$3*1000*$X$4*$X$2)/((C2/10^3)*$X$5*$AA$4),2),"") | F5: =((($X$5*$AA$4*(C2*0.001)*E5)/1000)/O5) -> #DIV/0! | G5: =F5/M5 -> #DIV/0! | H5: =G5/N5 -> #DIV/0! | I5: GIGA-IC | M5: =INDEX('WEG Motor'!$B$3:$AZ$55, MATCH(K5,'WEG Motor'!$A$3:$A$55,0), MATCH(L5,'WEG Motor'!$B$2:$AZ$2,0))% -> #N/A | N5: 0.92 | Q5: =ROUNDUP(H5/(C2/10^3),2) -> #DIV/0! | U5: =R2*(C2/10^3) -> 0 | W5: Density | X5: 999.78 | Z5: RT | AA5: kW
D6: =IFERROR(ROUNDUP((U6*$X$3*1000*$X$4*$X$2)/((C2/10^3)*$X$5*$AA$4),2),"") | F6: =((($X$5*$AA$4*(C2*0.001)*E6)/1000)/O6) -> #DIV/0! | G6: =F6/M6 -> #DIV/0! | H6: =G6/N6 -> #DIV/0! | I6: SCP | M6: =INDEX('WEG Motor'!$B$3:$AZ$55, MATCH(K6,'WEG Motor'!$A$3:$A$55,0), MATCH(L6,'WEG Motor'!$B$2:$AZ$2,0))% -> #N/A | N6: 0.92 | Q6: =ROUNDUP(H6/(C2/10^3),2) -> #DIV/0! | U6: =R2*(C2/10^3) -> 0 | Z6: 1 | AA6: 3.517 | AC6: Rated Tonnage =( (Flowrate / 1000) * Density * Change in Temp * Specific Heat) / 3.517
D7: =IFERROR(ROUNDUP((U7*$X$3*1000*$X$4*$X$2)/((C2/10^3)*$X$5*$AA$4),2),"") | F7: =((($X$5*$AA$4*(C2*0.001)*E7)/1000)/O7) -> #DIV/0! | G7: =F7/M7 -> #DIV/0! | H7: =G7/N7 -> #DIV/0! | I7: SCP-V | M7: =INDEX('WEG Motor'!$B$3:$AZ$55, MATCH(K7,'WEG Motor'!$A$3:$A$55,0), MATCH(L7,'WEG Motor'!$B$2:$AZ$2,0))% -> #N/A | N7: 0.92 | Q7: =ROUNDUP(H7/(C2/10^3),2) -> #DIV/0! | U7: =R2*(C2/10^3) -> 0
A8: 1 | B8: 300 | C8: =ROUND((B8 * $AA$6 * 1000) / ($X$5*$AA$2*$AA$3),0) -> 36 | D8: =IFERROR(ROUNDUP((U8*$X$3*1000*$X$4*$X$2)/((C8/10^3)*$X$5*$AA$4),2),"") -> 24.62 | E8: 24 | F8: =((($X$5*$AA$4*(C8*0.001)*E8)/1000)/O8) -> 10.508402 | G8: =F8/M8 -> 11.409774 | H8: =G8/N8 -> 12.401928 | I8: GIGA-I | J8: Atmos GIGA-I 125/250-15/4-L1 EN | K8: 15 | L8: 4P | M8: =INDEX('WEG Motor'!$B$3:$AZ$55, MATCH(K8,'WEG Motor'!$A$3:$A$55,0), MATCH(L8,'WEG Motor'!$B$2:$AZ$2,0))% -> 0.921 | N8: 0.92 | O8: 0.8064 | P8: 1.692 | Q8: =ROUNDUP(H8/(C8/10^3),2) -> 344.5 | R8: 349 | U8: =R8*(C8/10^3) -> 12.564 | W8: VSD | X8: 0.92 | Z8: △T | AA8: 7 | AC8: Rated Tonnage = Amount if heat needed to melt 1 ton of ice in 24 hrs
D9: =IFERROR(ROUNDUP((U9*$X$3*1000*$X$4*$X$2)/((C8/10^3)*$X$5*$AA$4),2),"") -> 24.62 | E9: 25 | F9: =((($X$5*$AA$4*(C8*0.001)*E9)/1000)/O9) -> 10.529712 | G9: =F9/M9 -> 11.432912 | H9: =G9/N9 -> 12.427078 | I9: GIGA-B | J9: Atmos GIGA-B 100/250-15/4-L1-S | K9: 15 | L9: 4P | M9: =INDEX('WEG Motor'!$B$3:$AZ$55, MATCH(K9,'WEG Motor'!$A$3:$A$55,0), MATCH(L9,'WEG Motor'!$B$2:$AZ$2,0))% -> 0.921 | N9: 0.92 | O9: 0.8383 | P9: 1.789 | Q9: =ROUNDUP(H9/(C8/10^3),2) -> 345.2 | S9: Check Again. | U9: =R8*(C8/10^3) -> 12.564 | W9: Motor | X9: 0.94 | Z9: Specific Heat | AA9: 4.186
D10: =IFERROR(ROUNDUP((U10*$X$3*1000*$X$4*$X$2)/((C8/10^3)*$X$5*$AA$4),2),"") -> 24.62 | E10: 24 | F10: =((($X$5*$AA$4*(C8*0.001)*E10)/1000)/O10) -> 10.383501 | G10: =F10/M10 -> 11.27416 | H10: =G10/N10 -> 12.254522 | I10: GIGA-N | J10: Atmos GIGA-N 100/250-15/4-L1 | K10: 15 | L10: 4P | M10: =INDEX('WEG Motor'!$B$3:$AZ$55, MATCH(K10,'WEG Motor'!$A$3:$A$55,0), MATCH(L10,'WEG Motor'!$B$2:$AZ$2,0))% -> 0.921 | N10: 0.92 | O10: 0.8161 | P10: 1.865 | Q10: =ROUNDUP(H10/(C8/10^3),2) -> 340.41 | U10: =R8*(C8/10^3) -> 12.564 | W10: Pump | X10: 0.8 | Z10: g | AA10: 9.81 | AC10: Pump Power limitation = Motor Input / Flowrate [m3/s]
D11: =IFERROR(ROUNDUP((U11*$X$3*1000*$X$4*$X$2)/((C8/10^3)*$X$5*$AA$4),2),"") -> 24.62 | E11: 24 | F11: =((($X$5*$AA$4*(C8*0.001)*E11)/1000)/O11) -> 10.521449 | G11: =F11/M11 -> 11.423941 | H11: =G11/N11 -> 12.417327 | I11: GIGA-IC | J11: Atmos GIGA-IC 125/250-15/4-L1-GB3 | K11: 15 | L11: 4P | M11: =INDEX('WEG Motor'!$B$3:$AZ$55, MATCH(K11,'WEG Motor'!$A$3:$A$55,0), MATCH(L11,'WEG Motor'!$B$2:$AZ$2,0))% -> 0.921 | N11: 0.92 | O11: 0.8054 | P11: 1.727 | Q11: =ROUNDUP(H11/(C8/10^3),2) -> 344.93 | U11: =R8*(C8/10^3) -> 12.564 | W11: Density | X11: 999.78 | Z11: RT | AA11: kW
D12: =IFERROR(ROUNDUP((U12*$X$3*1000*$X$4*$X$2)/((C8/10^3)*$X$5*$AA$4),2),"") -> 24.62 | E12: 25 | F12: =((($X$5*$AA$4*(C8*0.001)*E12)/1000)/O12) -> 10.527201 | G12: =F12/M12 -> 11.430185 | H12: =G12/N12 -> 12.424114 | I12: SCP | J12: SCP-100-280-HA | K12: 15 | L12: 4P | M12: =INDEX('WEG Motor'!$B$3:$AZ$55, MATCH(K12,'WEG Motor'!$A$3:$A$55,0), MATCH(L12,'WEG Motor'!$B$2:$AZ$2,0))% -> 0.921 | N12: 0.92 | O12: 0.8385 | P12: 2.56 | Q12: =ROUNDUP(H12/(C8/10^3),2) -> 345.12 | T12: Pump offer is running at maximum impeller size. | U12: =R8*(C8/10^3) -> 12.564 | Z12: 1 | AA12: 3.517 | AC12: Rated Tonnage =( (Flowrate / 1000) * Density * Change in Temp * Specific Heat) / 3.517
D13: =IFERROR(ROUNDUP((U13*$X$3*1000*$X$4*$X$2)/((C8/10^3)*$X$5*$AA$4),2),"") -> 24.62 | E13: 25 | F13: =((($X$5*$AA$4*(C8*0.001)*E13)/1000)/O13) -> 10.527201 | G13: =F13/M13 -> 11.430185 | H13: =G13/N13 -> 12.424114 | I13: SCP-V | J13: SCPV-100-280-HA | K13: 15 | L13: 4P | M13: =INDEX('WEG Motor'!$B$3:$AZ$55, MATCH(K13,'WEG Motor'!$A$3:$A$55,0), MATCH(L13,'WEG Motor'!$B$2:$AZ$2,0))% -> 0.921 | N13: 0.92 | O13: 0.8385 | P13: 2.43 | Q13: =ROUNDUP(H13/(C8/10^3),2) -> 345.12 | T13: Pump offer is running at maximum impeller size. | U13: =R8*(C8/10^3) -> 12.564
A14: 2 | B14: 350 | C14: =ROUND((B14 * $AA$6 * 1000) / ($X$5*$AA$2*$AA$3),0) -> 42 | D14: =IFERROR(ROUNDUP((U14*$X$3*1000*$X$4*$X$2)/((C14/10^3)*$X$5*$AA$4),2),"") -> 24.62 | E14: 24.5 | F14: =((($X$5*$AA$4*(C14*0.001)*E14)/1000)/O14) -> 12.336229 | G14: =F14/M14 -> 13.394386 | H14: =G14/N14 -> 14.559115 | I14: GIGA-I | J14: Atmos GIGA-I 125/250-15/4-L1 EN | K14: 15 | L14: 4P | M14: =INDEX('WEG Motor'!$B$3:$AZ$55, MATCH(K14,'WEG Motor'!$A$3:$A$55,0), MATCH(L14,'WEG Motor'!$B$2:$AZ$2,0))% -> 0.921 | N14: 0.92 | O14: 0.8181 | P14: 2.04 | Q14: =ROUNDUP(H14/(C14/10^3),2) -> 346.65 | R14: 349 | U14: =R14*(C14/10^3) -> 14.658 | W14: VSD | X14: 0.92 | Z14: △T | AA14: 7 | AC14: Rated Tonnage = Amount if heat needed to melt 1 ton of ice in 24 hrs
D15: =IFERROR(ROUNDUP((U15*$X$3*1000*$X$4*$X$2)/((C14/10^3)*$X$5*$AA$4),2),"") -> 24.62 | E15: 25 | F15: =((($X$5*$AA$4*(C14*0.001)*E15)/1000)/O15) -> 12.232134 | G15: =F15/M15 -> 13.281362 | H15: =G15/N15 -> 14.436263 | I15: GIGA-B | J15: Atmos GIGA-B 100/250-15/4-L1 | K15: 15 | L15: 4P | M15: =INDEX('WEG Motor'!$B$3:$AZ$55, MATCH(K15,'WEG Motor'!$A$3:$A$55,0), MATCH(L15,'WEG Motor'!$B$2:$AZ$2,0))% -> 0.921 | N15: 0.92 | O15: 0.8419 | P15: 2.032 | Q15: =ROUNDUP(H15/(C14/10^3),2) -> 343.73 | U15: =R14*(C14/10^3) -> 14.658 | W15: Motor | X15: 0.94 | Z15: Specific Heat | AA15: 4.186
D16: =IFERROR(ROUNDUP((U16*$X$3*1000*$X$4*$X$2)/((C14/10^3)*$X$5*$AA$4),2),"") -> 24.62 | E16: 25.5 | F16: =((($X$5*$AA$4*(C14*0.001)*E16)/1000)/O16) -> 12.419246 | G16: =F16/M16 -> 13.484524 | H16: =G16/N16 -> 14.657091 | I16: GIGA-N | J16: Atmos GIGA-N 100/250-15/4-L1 | K16: 15 | L16: 4P | M16: =INDEX('WEG Motor'!$B$3:$AZ$55, MATCH(K16,'WEG Motor'!$A$3:$A$55,0), MATCH(L16,'WEG Motor'!$B$2:$AZ$2,0))% -> 0.921 | N16: 0.92 | O16: 0.8458 | P16: 2.032 | Q16: =ROUNDUP(H16/(C14/10^3),2) -> 348.98 | U16: =R14*(C14/10^3) -> 14.658 | W16: Pump | X16: 0.8 | Z16: g | AA16: 9.81 | AC16: Pump Power limitation = Motor Input / Flowrate [m3/s]
D17: =IFERROR(ROUNDUP((U17*$X$3*1000*$X$4*$X$2)/((C14/10^3)*$X$5*$AA$4),2),"") -> 24.62 | E17: 24.5 | F17: =((($X$5*$AA$4*(C14*0.001)*E17)/1000)/O17) -> 12.337737 | G17: =F17/M17 -> 13.396023 | H17: =G17/N17 -> 14.560895 | I17: GIGA-IC | J17: Atmos GIGA-IC 125/250-15/4-L1-GB3 | K17: 15 | L17: 4P | M17: =INDEX('WEG Motor'!$B$3:$AZ$55, MATCH(K17,'WEG Motor'!$A$3:$A$55,0), MATCH(L17,'WEG Motor'!$B$2:$AZ$2,0))% -> 0.921 | N17: 0.92 | O17: 0.818 | P17: 2.045 | Q17: =ROUNDUP(H17/(C14/10^3),2) -> 346.69 | U17: =R14*(C14/10^3) -> 14.658 | W17: Density | X17: 999.78 | Z17: RT | AA17: kW
D18: =IFERROR(ROUNDUP((U18*$X$3*1000*$X$4*$X$2)/((C14/10^3)*$X$5*$AA$4),2),"") -> 24.62 | E18: 24.5 | F18: =((($X$5*$AA$4*(C14*0.001)*E18)/1000)/O18) -> 12.090894 | G18: =F18/M18 -> 13.128007 | H18: =G18/N18 -> 14.269572 | I18: SCP | J18: SCP-100-280-HA | K18: 15 | L18: 4P | M18: =INDEX('WEG Motor'!$B$3:$AZ$55, MATCH(K18,'WEG Motor'!$A$3:$A$55,0), MATCH(L18,'WEG Motor'!$B$2:$AZ$2,0))% -> 0.921 | N18: 0.92 | O18: 0.8347 | P18: 2.57 | Q18: =ROUNDUP(H18/(C14/10^3),2) -> 339.76 | T18: Pump offer is running at maximum impeller size. | U18: =R14*(C14/10^3) -> 14.658 | Z18: 1 | AA18: 3.517 | AC18: Rated Tonnage =( (Flowrate / 1000) * Density * Change in Temp * Specific Heat) / 3.517
D19: =IFERROR(ROUNDUP((U19*$X$3*1000*$X$4*$X$2)/((C14/10^3)*$X$5*$AA$4),2),"") -> 24.62 | E19: 24.5 | F19: =((($X$5*$AA$4*(C14*0.001)*E19)/1000)/O19) -> 12.090894 | G19: =F19/M19 -> 13.128007 | H19: =G19/N19 -> 14.269572 | I19: SCP-V | J19: SCPV-100-280-HA | K19: 15 | L19: 4P | M19: =INDEX('WEG Motor'!$B$3:$AZ$55, MATCH(K19,'WEG Motor'!$A$3:$A$55,0), MATCH(L19,'WEG Motor'!$B$2:$AZ$2,0))% -> 0.921 | N19: 0.92 | O19: 0.8347 | P19: 2.57 | Q19: =ROUNDUP(H19/(C14/10^3),2) -> 339.76 | T19: Pump offer is running at maximum impeller size. | U19: =R14*(C14/10^3) -> 14.658
A20: 3 | B20: 400 | C20: =ROUND((B20 * $AA$6 * 1000) / ($X$5*$AA$2*$AA$3),0) -> 48 | D20: =IFERROR(ROUNDUP((U20*$X$3*1000*$X$4*$X$2)/((C20/10^3)*$X$5*$AA$4),2),"") -> 24.62 | E20: 24.5 | F20: =((($X$5*$AA$4*(C20*0.001)*E20)/1000)/O20) -> 14.016311 | G20: =F20/M20 -> 15.136404 | H20: =G20/N20 -> 16.452614 | I20: GIGA-I | J20: Atmos GIGA-I 150/275-18.5/4-L1 EN | K20: 18.5 | L20: 4P | M20: =INDEX('WEG Motor'!$B$3:$AZ$55, MATCH(K20,'WEG Motor'!$A$3:$A$55,0), MATCH(L20,'WEG Motor'!$B$2:$AZ$2,0))% -> 0.926 | N20: 0.92 | O20: 0.8229 | P20: 2.19 | Q20: =ROUNDUP(H20/(C20/10^3),2) -> 342.77 | R20: 349 | U20: =R20*(C20/10^3) -> 16.752 | W20: VSD | X20: 0.92 | Z20: △T | AA20: 7 | AC20: Rated Tonnage = Amount if heat needed to melt 1 ton of ice in 24 hrs
D21: =IFERROR(ROUNDUP((U21*$X$3*1000*$X$4*$X$2)/((C20/10^3)*$X$5*$AA$4),2),"") -> 24.62 | E21: 24.5 | F21: =((($X$5*$AA$4*(C20*0.001)*E21)/1000)/O21) -> 14.053883 | G21: =F21/M21 -> 15.17698 | H21: =G21/N21 -> 16.496717 | I21: GIGA-B | J21: Atmos GIGA-B 100/295-18.5/4-L1 | K21: 18.5 | L21: 4P | M21: =INDEX('WEG Motor'!$B$3:$AZ$55, MATCH(K21,'WEG Motor'!$A$3:$A$55,0), MATCH(L21,'WEG Motor'!$B$2:$AZ$2,0))% -> 0.926 | N21: 0.92 | O21: 0.8207 | P21: 2.638 | Q21: =ROUNDUP(H21/(C20/10^3),2) -> 343.69 | U21: =R20*(C20/10^3) -> 16.752 | W21: Motor | X21: 0.94 | Z21: Specific Heat | AA21: 4.186
D22: =IFERROR(ROUNDUP((U22*$X$3*1000*$X$4*$X$2)/((C20/10^3)*$X$5*$AA$4),2),"") -> 24.62 | E22: 24.5 | F22: =((($X$5*$AA$4*(C20*0.001)*E22)/1000)/O22) -> 14.053883 | G22: =F22/M22 -> 15.17698 | H22: =G22/N22 -> 16.496717 | I22: GIGA-N | J22: Atmos GIGA-N 100/315-18.5/4-L1 | K22: 18.5 | L22: 4P | M22: =INDEX('WEG Motor'!$B$3:$AZ$55, MATCH(K22,'WEG Motor'!$A$3:$A$55,0), MATCH(L22,'WEG Motor'!$B$2:$AZ$2,0))% -> 0.926 | N22: 0.92 | O22: 0.8207 | P22: 2.638 | Q22: =ROUNDUP(H22/(C20/10^3),2) -> 343.69 | U22: =R20*(C20/10^3) -> 16.752 | W22: Pump | X22: 0.8 | Z22: g | AA22: 9.81 | AC22: Pump Power limitation = Motor Input / Flowrate [m3/s]
D23: =IFERROR(ROUNDUP((U23*$X$3*1000*$X$4*$X$2)/((C20/10^3)*$X$5*$AA$4),2),"") -> 24.62 | E23: 24.5 | F23: =((($X$5*$AA$4*(C20*0.001)*E23)/1000)/O23) -> 14.264187 | G23: =F23/M23 -> 15.40409 | H23: =G23/N23 -> 16.743576 | I23: GIGA-IC | J23: Atmos GIGA-IC 150/250-18.5/4-L1-GB3 | K23: 18.5 | L23: 4P | M23: =INDEX('WEG Motor'!$B$3:$AZ$55, MATCH(K23,'WEG Motor'!$A$3:$A$55,0), MATCH(L23,'WEG Motor'!$B$2:$AZ$2,0))% -> 0.926 | N23: 0.92 | O23: 0.8086 | P23: 2.972 | Q23: =ROUNDUP(H23/(C20/10^3),2) -> 348.83 | U23: =R20*(C20/10^3) -> 16.752 | W23: Density | X23: 999.78 | Z23: RT | AA23: kW
D24: =IFERROR(ROUNDUP((U24*$X$3*1000*$X$4*$X$2)/((C20/10^3)*$X$5*$AA$4),2),"") -> 24.62 | E24: 24.5 | F24: =((($X$5*$AA$4*(C20*0.001)*E24)/1000)/O24) -> 13.980633 | G24: =F24/M24 -> 15.097875 | H24: =G24/N24 -> 16.410734 | I24: SCP | J24: SCP-125-290-HA | K24: 18.5 | L24: 4P | M24: =INDEX('WEG Motor'!$B$3:$AZ$55, MATCH(K24,'WEG Motor'!$A$3:$A$55,0), MATCH(L24,'WEG Motor'!$B$2:$AZ$2,0))% -> 0.926 | N24: 0.92 | O24: 0.825 | P24: 2.67 | Q24: =ROUNDUP(H24/(C20/10^3),2) -> 341.9 | T24: Pump offer is running at maximum impeller size. | U24: =R20*(C20/10^3) -> 16.752 | Z24: 1 | AA24: 3.517 | AC24: Rated Tonnage =( (Flowrate / 1000) * Density * Change in Temp * Specific Heat) / 3.517
D25: =IFERROR(ROUNDUP((U25*$X$3*1000*$X$4*$X$2)/((C20/10^3)*$X$5*$AA$4),2),"") -> 24.62 | E25: 24.5 | F25: =((($X$5*$AA$4*(C20*0.001)*E25)/1000)/O25) -> 13.980633 | G25: =F25/M25 -> 15.097875 | H25: =G25/N25 -> 16.410734 | I25: SCP-V | J25: SCPV-125-290-HA | K25: 18.5 | L25: 4P | M25: =INDEX('WEG Motor'!$B$3:$AZ$55, MATCH(K25,'WEG Motor'!$A$3:$A$55,0), MATCH(L25,'WEG Motor'!$B$2:$AZ$2,0))% -> 0.926 | N25: 0.92 | O25: 0.825 | P25: 2.67 | Q25: =ROUNDUP(H25/(C20/10^3),2) -> 341.9 | T25: Pump offer is running at maximum impeller size. | U25: =R20*(C20/10^3) -> 16.752
A26: 4 | B26: 450 | C26: =ROUND((B26 * $AA$6 * 1000) / ($X$5*$AA$2*$AA$3),0) -> 54 | D26: =IFERROR(ROUNDUP((U26*$X$3*1000*$X$4*$X$2)/((C26/10^3)*$X$5*$AA$4),2),"") -> 24.62 | E26: 24.5 | F26: =((($X$5*$AA$4*(C26*0.001)*E26)/1000)/O26) -> 15.526833 | G26: =F26/M26 -> 16.767639 | H26: =G26/N26 -> 18.225694 | I26: GIGA-I | J26: Atmos GIGA-I 150/275-18.5/4-L1 EN | K26: 18.5 | L26: 4P | M26: =INDEX('WEG Motor'!$B$3:$AZ$55, MATCH(K26,'WEG Motor'!$A$3:$A$55,0), MATCH(L26,'WEG Motor'!$B$2:$AZ$2,0))% -> 0.926 | N26: 0.92 | O26: 0.8357 | P26: 2.249 | Q26: =ROUNDUP(H26/(C26/10^3),2) -> 337.52 | R26: 349 | U26: =R26*(C26/10^3) -> 18.846 | W26: VSD | X26: 0.92 | Z26: △T | AA26: 7 | AC26: Rated Tonnage = Amount if heat needed to melt 1 ton of ice in 24 hrs
D27: =IFERROR(ROUNDUP((U27*$X$3*1000*$X$4*$X$2)/((C26/10^3)*$X$5*$AA$4),2),"") -> 24.62 | E27: 25 | F27: =((($X$5*$AA$4*(C26*0.001)*E27)/1000)/O27) -> 15.798337 | G27: =F27/M27 -> 17.060839 | H27: =G27/N27 -> 18.544391 | I27: GIGA-B | J27: Atmos GIGA-B 125/240-18.5/4-L1 | K27: 18.5 | L27: 4P | M27: =INDEX('WEG Motor'!$B$3:$AZ$55, MATCH(K27,'WEG Motor'!$A$3:$A$55,0), MATCH(L27,'WEG Motor'!$B$2:$AZ$2,0))% -> 0.926 | N27: 0.92 | O27: 0.8381 | P27: 2.567 | Q27: =ROUNDUP(H27/(C26/10^3),2) -> 343.42 | U27: =R26*(C26/10^3) -> 18.846 | W27: Motor | X27: 0.94 | Z27: Specific Heat | AA27: 4.186
D28: =IFERROR(ROUNDUP((U28*$X$3*1000*$X$4*$X$2)/((C26/10^3)*$X$5*$AA$4),2),"") -> 24.62 | E28: 24.5 | F28: =((($X$5*$AA$4*(C26*0.001)*E28)/1000)/O28) -> 15.897788 | G28: =F28/M28 -> 17.168238 | H28: =G28/N28 -> 18.661128 | I28: GIGA-N | J28: Atmos GIGA-N 125/315-18.5/4-L1 | K28: 18.5 | L28: 4P | M28: =INDEX('WEG Motor'!$B$3:$AZ$55, MATCH(K28,'WEG Motor'!$A$3:$A$55,0), MATCH(L28,'WEG Motor'!$B$2:$AZ$2,0))% -> 0.926 | N28: 0.92 | O28: 0.8162 | P28: 2.567 | Q28: =ROUNDUP(H28/(C26/10^3),2) -> 345.58 | U28: =R26*(C26/10^3) -> 18.846 | W28: Pump | X28: 0.8 | Z28: g | AA28: 9.81 | AC28: Pump Power limitation = Motor Input / Flowrate [m3/s]
D29: =IFERROR(ROUNDUP((U29*$X$3*1000*$X$4*$X$2)/((C26/10^3)*$X$5*$AA$4),2),"") -> 24.62 | E29: 25 | F29: =((($X$5*$AA$4*(C26*0.001)*E29)/1000)/O29) -> 15.858889 | G29: =F29/M29 -> 17.12623 | H29: =G29/N29 -> 18.615467 | I29: GIGA-IC | J29: Atmos GIGA-IC 150/315-18.5/4-L1-GB3 | K29: 18.5 | L29: 4P | M29: =INDEX('WEG Motor'!$B$3:$AZ$55, MATCH(K29,'WEG Motor'!$A$3:$A$55,0), MATCH(L29,'WEG Motor'!$B$2:$AZ$2,0))% -> 0.926 | N29: 0.92 | O29: 0.8349 | P29: 2.274 | Q29: =ROUNDUP(H29/(C26/10^3),2) -> 344.74 | U29: =R26*(C26/10^3) -> 18.846 | W29: Density | X29: 999.78 | Z29: RT | AA29: kW
D30: =IFERROR(ROUNDUP((U30*$X$3*1000*$X$4*$X$2)/((C26/10^3)*$X$5*$AA$4),2),"") -> 24.62 | E30: 24.5 | F30: =((($X$5*$AA$4*(C26*0.001)*E30)/1000)/O30) -> 16.02739 | G30: =F30/M30 -> 17.308196 | H30: =G30/N30 -> 18.813257 | I30: SCP | J30: SCP-125-330-HA | K30: 18.5 | L30: 4P | M30: =INDEX('WEG Motor'!$B$3:$AZ$55, MATCH(K30,'WEG Motor'!$A$3:$A$55,0), MATCH(L30,'WEG Motor'!$B$2:$AZ$2,0))% -> 0.926 | N30: 0.92 | O30: 0.8096 | P30: 4 | Q30: =ROUNDUP(H30/(C26/10^3),2) -> 348.4 | U30: =R26*(C26/10^3) -> 18.846 | Z30: 1 | AA30: 3.517 | AC30: Rated Tonnage =( (Flowrate / 1000) * Density * Change in Temp * Specific Heat) / 3.517
D31: =IFERROR(ROUNDUP((U31*$X$3*1000*$X$4*$X$2)/((C26/10^3)*$X$5*$AA$4),2),"") -> 24.62 | E31: 24.5 | F31: =((($X$5*$AA$4*(C26*0.001)*E31)/1000)/O31) -> 16.02739 | G31: =F31/M31 -> 17.308196 | H31: =G31/N31 -> 18.813257 | I31: SCP-V | J31: SCPV-125-330-HA | K31: 18.5 | L31: 4P | M31: =INDEX('WEG Motor'!$B$3:$AZ$55, MATCH(K31,'WEG Motor'!$A$3:$A$55,0), MATCH(L31,'WEG Motor'!$B$2:$AZ$2,0))% -> 0.926 | N31: 0.92 | O31: 0.8096 | P31: 4 | Q31: =ROUNDUP(H31/(C26/10^3),2) -> 348.4 | U31: =R26*(C26/10^3) -> 18.846
A32: 5 | B32: 500 | C32: =ROUND((B32 * $AA$6 * 1000) / ($X$5*$AA$2*$AA$3),0) -> 60 | D32: =IFERROR(ROUNDUP((U32*$X$3*1000*$X$4*$X$2)/((C32/10^3)*$X$5*$AA$4),2),"") -> 24.62 | E32: 24.5 | F32: =((($X$5*$AA$4*(C32*0.001)*E32)/1000)/O32) -> 17.173946 | G32: =F32/M32 -> 18.446773 | H32: =G32/N32 -> 20.05084 | I32: GIGA-I | J32: Atmos GIGA-I 150/250-22/4-L1 EN | K32: 22 | L32: 4P | M32: =INDEX('WEG Motor'!$B$3:$AZ$55, MATCH(K32,'WEG Motor'!$A$3:$A$55,0), MATCH(L32,'WEG Motor'!$B$2:$AZ$2,0))% -> 0.931 | N32: 0.92 | O32: 0.8395 | P32: 2.507 | Q32: =ROUNDUP(H32/(C32/10^3),2) -> 334.19 | R32: 349 | U32: =R32*(C32/10^3) -> 20.94 | W32: VSD | X32: 0.92 | Z32: △T | AA32: 7 | AC32: Rated Tonnage = Amount if heat needed to melt 1 ton of ice in 24 hrs
D33: =IFERROR(ROUNDUP((U33*$X$3*1000*$X$4*$X$2)/((C32/10^3)*$X$5*$AA$4),2),"") -> 24.62 | E33: 25 | F33: =((($X$5*$AA$4*(C32*0.001)*E33)/1000)/O33) -> 17.733562 | G33: =F33/M33 -> 19.047864 | H33: =G33/N33 -> 20.7042 | I33: GIGA-B | J33: Atmos GIGA-B 125/285-22/4-L1 | K33: 22 | L33: 4P | M33: =INDEX('WEG Motor'!$B$3:$AZ$55, MATCH(K33,'WEG Motor'!$A$3:$A$55,0), MATCH(L33,'WEG Motor'!$B$2:$AZ$2,0))% -> 0.931 | N33: 0.92 | O33: 0.8296 | P33: 2.507 | Q33: =ROUNDUP(H33/(C32/10^3),2) -> 345.08 | U33: =R32*(C32/10^3) -> 20.94 | W33: Motor | X33: 0.94 | Z33: Specific Heat | AA33: 4.186
D34: =IFERROR(ROUNDUP((U34*$X$3*1000*$X$4*$X$2)/((C32/10^3)*$X$5*$AA$4),2),"") -> 24.62 | E34: 25 | F34: =((($X$5*$AA$4*(C32*0.001)*E34)/1000)/O34) -> 17.733562 | G34: =F34/M34 -> 19.047864 | H34: =G34/N34 -> 20.7042 | I34: GIGA-N | J34: Atmos GIGA-N 125/315-22/4-L1 | K34: 22 | L34: 4P | M34: =INDEX('WEG Motor'!$B$3:$AZ$55, MATCH(K34,'WEG Motor'!$A$3:$A$55,0), MATCH(L34,'WEG Motor'!$B$2:$AZ$2,0))% -> 0.931 | N34: 0.92 | O34: 0.8296 | P34: 2.507 | Q34: =ROUNDUP(H34/(C32/10^3),2) -> 345.08 | U34: =R32*(C32/10^3) -> 20.94 | W34: Pump | X34: 0.8 | Z34: g | AA34: 9.81 | AC34: Pump Power limitation = Motor Input / Flowrate [m3/s]
D35: =IFERROR(ROUNDUP((U35*$X$3*1000*$X$4*$X$2)/((C32/10^3)*$X$5*$AA$4),2),"") -> 24.62 | E35: 24.5 | F35: =((($X$5*$AA$4*(C32*0.001)*E35)/1000)/O35) -> 17.173946 | G35: =F35/M35 -> 18.446773 | H35: =G35/N35 -> 20.05084 | I35: GIGA-IC | J35: Atmos GIGA-IC 150/250-22/4-L1-GB3 | K35: 22 | L35: 4P | M35: =INDEX('WEG Motor'!$B$3:$AZ$55, MATCH(K35,'WEG Motor'!$A$3:$A$55,0), MATCH(L35,'WEG Motor'!$B$2:$AZ$2,0))% -> 0.931 | N35: 0.92 | O35: 0.8395 | P35: 3.024 | Q35: =ROUNDUP(H35/(C32/10^3),2) -> 334.19 | U35: =R32*(C32/10^3) -> 20.94 | W35: Density | X35: 999.78 | Z35: RT | AA35: kW
D36: =IFERROR(ROUNDUP((U36*$X$3*1000*$X$4*$X$2)/((C32/10^3)*$X$5*$AA$4),2),"") -> 24.62 | E36: 25 | F36: =((($X$5*$AA$4*(C32*0.001)*E36)/1000)/O36) -> 17.701555 | G36: =F36/M36 -> 19.013486 | H36: =G36/N36 -> 20.666833 | I36: SCP | J36: SCP-125-330-HA | K36: 22 | L36: 4P | M36: =INDEX('WEG Motor'!$B$3:$AZ$55, MATCH(K36,'WEG Motor'!$A$3:$A$55,0), MATCH(L36,'WEG Motor'!$B$2:$AZ$2,0))% -> 0.931 | N36: 0.92 | O36: 0.8311 | P36: 3.93 | Q36: =ROUNDUP(H36/(C32/10^3),2) -> 344.45 | U36: =R32*(C32/10^3) -> 20.94 | Z36: 1 | AA36: 3.517 | AC36: Rated Tonnage =( (Flowrate / 1000) * Density * Change in Temp * Specific Heat) / 3.517
D37: =IFERROR(ROUNDUP((U37*$X$3*1000*$X$4*$X$2)/((C32/10^3)*$X$5*$AA$4),2),"") -> 24.62 | E37: 25 | F37: =((($X$5*$AA$4*(C32*0.001)*E37)/1000)/O37) -> 17.701555 | G37: =F37/M37 -> 19.013486 | H37: =G37/N37 -> 20.666833 | I37: SCP-V | J37: SCPV-125-330-HA | K37: 22 | L37: 4P | M37: =INDEX('WEG Motor'!$B$3:$AZ$55, MATCH(K37,'WEG Motor'!$A$3:$A$55,0), MATCH(L37,'WEG Motor'!$B$2:$AZ$2,0))% -> 0.931 | N37: 0.92 | O37: 0.8311 | P37: 3.93 | Q37: =ROUNDUP(H37/(C32/10^3),2) -> 344.45 | U37: =R32*(C32/10^3) -> 20.94
A38: 6 | B38: 550 | C38: =ROUND((B38 * $AA$6 * 1000) / ($X$5*$AA$2*$AA$3),0) -> 66 | D38: =IFERROR(ROUNDUP((U38*$X$3*1000*$X$4*$X$2)/((C38/10^3)*$X$5*$AA$4),2),"") -> 24.62 | E38: 25.5 | F38: =((($X$5*$AA$4*(C38*0.001)*E38)/1000)/O38) -> 19.474514 | G38: =F38/M38 -> 20.917845 | H38: =G38/N38 -> 22.736788 | I38: GIGA-I | J38: Atmos GIGA-I 150/285-22/4-L1 EN | K38: 22 | L38: 4P | M38: =INDEX('WEG Motor'!$B$3:$AZ$55, MATCH(K38,'WEG Motor'!$A$3:$A$55,0), MATCH(L38,'WEG Motor'!$B$2:$AZ$2,0))% -> 0.931 | N38: 0.92 | O38: 0.8476 | P38: 2.53 | Q38: =ROUNDUP(H38/(C38/10^3),2) -> 344.5 | R38: 349 | U38: =R38*(C38/10^3) -> 23.034 | W38: VSD | X38: 0.92 | Z38: △T | AA38: 7 | AC38: Rated Tonnage = Amount if heat needed to melt 1 ton of ice in 24 hrs
D39: =IFERROR(ROUNDUP((U39*$X$3*1000*$X$4*$X$2)/((C38/10^3)*$X$5*$AA$4),2),"") -> 24.62 | E39: 25 | F39: =((($X$5*$AA$4*(C38*0.001)*E39)/1000)/O39) -> 19.427298 | G39: =F39/M39 -> 20.86713 | H39: =G39/N39 -> 22.681663 | I39: GIGA-B | J39: Atmos GIGA-B 125/285-22/4-L1 | K39: 22 | L39: 4P | M39: =INDEX('WEG Motor'!$B$3:$AZ$55, MATCH(K39,'WEG Motor'!$A$3:$A$55,0), MATCH(L39,'WEG Motor'!$B$2:$AZ$2,0))% -> 0.931 | N39: 0.92 | O39: 0.833 | P39: 2.582 | Q39: =ROUNDUP(H39/(C38/10^3),2) -> 343.67 | U39: =R38*(C38/10^3) -> 23.034 | W39: Motor | X39: 0.94 | Z39: Specific Heat | AA39: 4.186
D40: =IFERROR(ROUNDUP((U40*$X$3*1000*$X$4*$X$2)/((C38/10^3)*$X$5*$AA$4),2),"") -> 24.62 | E40: 24.5 | F40: =((($X$5*$AA$4*(C38*0.001)*E40)/1000)/O40) -> 18.947766 | G40: =F40/M40 -> 20.352058 | H40: =G40/N40 -> 22.121802 | I40: GIGA-N | J40: Atmos GIGA-N 100/160-22/2-L1 | K40: 22 | L40: 4P | M40: =INDEX('WEG Motor'!$B$3:$AZ$55, MATCH(K40,'WEG Motor'!$A$3:$A$55,0), MATCH(L40,'WEG Motor'!$B$2:$AZ$2,0))% -> 0.931 | N40: 0.92 | O40: 0.837 | P40: 4.966 | Q40: =ROUNDUP(H40/(C38/10^3),2) -> 335.18 | U40: =R38*(C38/10^3) -> 23.034 | W40: Pump | X40: 0.8 | Z40: g | AA40: 9.81 | AC40: Pump Power limitation = Motor Input / Flowrate [m3/s]
D41: =IFERROR(ROUNDUP((U41*$X$3*1000*$X$4*$X$2)/((C38/10^3)*$X$5*$AA$4),2),"") -> 24.62 | E41: 25.5 | F41: =((($X$5*$AA$4*(C38*0.001)*E41)/1000)/O41) -> 19.481409 | G41: =F41/M41 -> 20.925251 | H41: =G41/N41 -> 22.744838 | I41: GIGA-IC | J41: Atmos GIGA-IC 150/315-22/4-L1-GB3 | K41: 22 | L41: 4P | M41: =INDEX('WEG Motor'!$B$3:$AZ$55, MATCH(K41,'WEG Motor'!$A$3:$A$55,0), MATCH(L41,'WEG Motor'!$B$2:$AZ$2,0))% -> 0.931 | N41: 0.92 | O41: 0.8473 | P41: 2.54 | Q41: =ROUNDUP(H41/(C38/10^3),2) -> 344.62 | U41: =R38*(C38/10^3) -> 23.034 | W41: Density | X41: 999.78 | Z41: RT | AA41: kW
D42: =IFERROR(ROUNDUP((U42*$X$3*1000*$X$4*$X$2)/((C38/10^3)*$X$5*$AA$4),2),"") -> 24.62 | E42: 25 | F42: =((($X$5*$AA$4*(C38*0.001)*E42)/1000)/O42) -> 19.554059 | G42: =F42/M42 -> 21.003285 | H42: =G42/N42 -> 22.829658 | I42: SCP | J42: SCP-125-330-HA | K42: 22 | L42: 4P | M42: =INDEX('WEG Motor'!$B$3:$AZ$55, MATCH(K42,'WEG Motor'!$A$3:$A$55,0), MATCH(L42,'WEG Motor'!$B$2:$AZ$2,0))% -> 0.931 | N42: 0.92 | O42: 0.8276 | P42: 4.02 | Q42: =ROUNDUP(H42/(C38/10^3),2) -> 345.91 | U42: =R38*(C38/10^3) -> 23.034 | Z42: 1 | AA42: 3.517 | AC42: Rated Tonnage =( (Flowrate / 1000) * Density * Change in Temp * Specific Heat) / 3.517
D43: =IFERROR(ROUNDUP((U43*$X$3*1000*$X$4*$X$2)/((C38/10^3)*$X$5*$AA$4),2),"") -> 24.62 | E43: 25 | F43: =((($X$5*$AA$4*(C38*0.001)*E43)/1000)/O43) -> 19.554059 | G43: =F43/M43 -> 21.003285 | H43: =G43/N43 -> 22.829658 | I43: SCP-V | J43: SCPV-125-330-HA | K43: 22 | L43: 4P | M43: =INDEX('WEG Motor'!$B$3:$AZ$55, MATCH(K43,'WEG Motor'!$A$3:$A$55,0), MATCH(L43,'WEG Motor'!$B$2:$AZ$2,0))% -> 0.931 | N43: 0.92 | O43: 0.8276 | P43: 4.02 | Q43: =ROUNDUP(H43/(C38/10^3),2) -> 345.91 | U43: =R38*(C38/10^3) -> 23.034
A44: 7 | B44: 600 | C44: =ROUND((B44 * $AA$6 * 1000) / ($X$5*$AA$2*$AA$3),0) -> 72 | D44: =IFERROR(ROUNDUP((U44*$X$3*1000*$X$4*$X$2)/((C44/10^3)*$X$5*$AA$4),2),"") -> 24.62 | E44: 25 | F44: =((($X$5*$AA$4*(C44*0.001)*E44)/1000)/O44) -> 20.951953 | G44: =F44/M44 -> 22.384565 | H44: =G44/N44 -> 24.331049 | I44: GIGA-I | J44: Atmos GIGA-I 150/295-30/4-L1 EN | K44: 30 | L44: 4P | M44: =INDEX('WEG Motor'!$B$3:$AZ$55, MATCH(K44,'WEG Motor'!$A$3:$A$55,0), MATCH(L44,'WEG Motor'!$B$2:$AZ$2,0))% -> 0.936 | N44: 0.92 | O44: 0.8426 | P44: 2.832 | Q44: =ROUNDUP(H44/(C44/10^3),2) -> 337.94 | R44: 349 | U44: =R44*(C44/10^3) -> 25.128 | W44: VSD | X44: 0.92 | Z44: △T | AA44: 7 | AC44: Rated Tonnage = Amount if heat needed to melt 1 ton of ice in 24 hrs
D45: =IFERROR(ROUNDUP((U45*$X$3*1000*$X$4*$X$2)/((C44/10^3)*$X$5*$AA$4),2),"") -> 24.62 | E45: 24.5 | F45: =((($X$5*$AA$4*(C44*0.001)*E45)/1000)/O45) -> 21.106543 | G45: =F45/M45 -> 22.549725 | H45: =G45/N45 -> 24.510571 | I45: GIGA-B | J45: Atmos GIGA-B 150/285-30/4-L1 | K45: 30 | L45: 4P | M45: =INDEX('WEG Motor'!$B$3:$AZ$55, MATCH(K45,'WEG Motor'!$A$3:$A$55,0), MATCH(L45,'WEG Motor'!$B$2:$AZ$2,0))% -> 0.936 | N45: 0.92 | O45: 0.8197 | P45: 3.054 | Q45: =ROUNDUP(H45/(C44/10^3),2) -> 340.43 | U45: =R44*(C44/10^3) -> 25.128 | W45: Motor | X45: 0.94 | Z45: Specific Heat | AA45: 4.186
D46: =IFERROR(ROUNDUP((U46*$X$3*1000*$X$4*$X$2)/((C44/10^3)*$X$5*$AA$4),2),"") -> 24.62 | E46: 25 | F46: =((($X$5*$AA$4*(C44*0.001)*E46)/1000)/O46) -> 21.550434 | G46: =F46/M46 -> 23.023968 | H46: =G46/N46 -> 25.026052 | I46: GIGA-N | J46: Atmos GIGA-N 150/315-30/4-L1 | K46: 30 | L46: 4P | M46: =INDEX('WEG Motor'!$B$3:$AZ$55, MATCH(K46,'WEG Motor'!$A$3:$A$55,0), MATCH(L46,'WEG Motor'!$B$2:$AZ$2,0))% -> 0.936 | N46: 0.92 | O46: 0.8192 | P46: 3.054 | Q46: =ROUNDUP(H46/(C44/10^3),2) -> 347.59 | U46: =R44*(C44/10^3) -> 25.128 | W46: Pump | X46: 0.8 | Z46: g | AA46: 9.81 | AC46: Pump Power limitation = Motor Input / Flowrate [m3/s]
D47: =IFERROR(ROUNDUP((U47*$X$3*1000*$X$4*$X$2)/((C44/10^3)*$X$5*$AA$4),2),"") -> 24.62 | E47: 24.5 | F47: =((($X$5*$AA$4*(C44*0.001)*E47)/1000)/O47) -> 21.566982 | G47: =F47/M47 -> 23.041647 | H47: =G47/N47 -> 25.045269 | I47: GIGA-IC | J47: Atmos GIGA-IC 200/315-30/4-L1-GB3 | K47: 30 | L47: 4P | M47: =INDEX('WEG Motor'!$B$3:$AZ$55, MATCH(K47,'WEG Motor'!$A$3:$A$55,0), MATCH(L47,'WEG Motor'!$B$2:$AZ$2,0))% -> 0.936 | N47: 0.92 | O47: 0.8022 | P47: 2.553 | Q47: =ROUNDUP(H47/(C44/10^3),2) -> 347.86 | U47: =R44*(C44/10^3) -> 25.128 | W47: Density | X47: 999.78 | Z47: RT | AA47: kW
D48: =IFERROR(ROUNDUP((U48*$X$3*1000*$X$4*$X$2)/((C44/10^3)*$X$5*$AA$4),2),"") -> 24.62 | E48: 24.5 | F48: =((($X$5*$AA$4*(C44*0.001)*E48)/1000)/O48) -> 21.283101 | G48: =F48/M48 -> 22.738356 | H48: =G48/N48 -> 24.715604 | I48: SCP | J48: SCP-125-330-HA | K48: 30 | L48: 4P | M48: =INDEX('WEG Motor'!$B$3:$AZ$55, MATCH(K48,'WEG Motor'!$A$3:$A$55,0), MATCH(L48,'WEG Motor'!$B$2:$AZ$2,0))% -> 0.936 | N48: 0.92 | O48: 0.8129 | P48: 4.12 | Q48: =ROUNDUP(H48/(C44/10^3),2) -> 343.28 | U48: =R44*(C44/10^3) -> 25.128 | Z48: 1 | AA48: 3.517 | AC48: Rated Tonnage =( (Flowrate / 1000) * Density * Change in Temp * Specific Heat) / 3.517
D49: =IFERROR(ROUNDUP((U49*$X$3*1000*$X$4*$X$2)/((C44/10^3)*$X$5*$AA$4),2),"") -> 24.62 | E49: 24.5 | F49: =((($X$5*$AA$4*(C44*0.001)*E49)/1000)/O49) -> 21.283101 | G49: =F49/M49 -> 22.738356 | H49: =G49/N49 -> 24.715604 | I49: SCP-V | J49: SCPV-125-330-HA | K49: 30 | L49: 4P | M49: =INDEX('WEG Motor'!$B$3:$AZ$55, MATCH(K49,'WEG Motor'!$A$3:$A$55,0), MATCH(L49,'WEG Motor'!$B$2:$AZ$2,0))% -> 0.936 | N49: 0.92 | O49: 0.8129 | P49: 4.12 | Q49: =ROUNDUP(H49/(C44/10^3),2) -> 343.28 | U49: =R44*(C44/10^3) -> 25.128
A50: 8 | B50: 650 | C50: =ROUND((B50 * $AA$6 * 1000) / ($X$5*$AA$2*$AA$3),0) -> 78 | D50: =IFERROR(ROUNDUP((U50*$X$3*1000*$X$4*$X$2)/((C50/10^3)*$X$5*$AA$4),2),"") -> 24.62 | E50: 25.5 | F50: =((($X$5*$AA$4*(C50*0.001)*E50)/1000)/O50) -> 23.309592 | G50: =F50/M50 -> 24.90341 | H50: =G50/N50 -> 27.068924 | I50: GIGA-I | J50: Atmos GIGA-I 150/295-30/4-L1 EN | K50: 30 | L50: 4P | M50: =INDEX('WEG Motor'!$B$3:$AZ$55, MATCH(K50,'WEG Motor'!$A$3:$A$55,0), MATCH(L50,'WEG Motor'!$B$2:$AZ$2,0))% -> 0.936 | N50: 0.92 | O50: 0.8369 | P50: 3.276 | Q50: =ROUNDUP(H50/(C50/10^3),2) -> 347.04 | R50: 349 | U50: =R50*(C50/10^3) -> 27.222 | W50: VSD | X50: 0.92 | Z50: △T | AA50: 7 | AC50: Rated Tonnage = Amount if heat needed to melt 1 ton of ice in 24 hrs
D51: =IFERROR(ROUNDUP((U51*$X$3*1000*$X$4*$X$2)/((C50/10^3)*$X$5*$AA$4),2),"") -> 24.62 | E51: 25.5 | F51: =((($X$5*$AA$4*(C50*0.001)*E51)/1000)/O51) -> 23.337477 | G51: =F51/M51 -> 24.933202 | H51: =G51/N51 -> 27.101307 | I51: GIGA-B | J51: Atmos GIGA-B 150/285-30/4-L1 | K51: 30 | L51: 4P | M51: =INDEX('WEG Motor'!$B$3:$AZ$55, MATCH(K51,'WEG Motor'!$A$3:$A$55,0), MATCH(L51,'WEG Motor'!$B$2:$AZ$2,0))% -> 0.936 | N51: 0.92 | O51: 0.8359 | P51: 3.081 | Q51: =ROUNDUP(H51/(C50/10^3),2) -> 347.46 | U51: =R50*(C50/10^3) -> 27.222 | W51: Motor | X51: 0.94 | Z51: Specific Heat | AA51: 4.186
D52: =IFERROR(ROUNDUP((U52*$X$3*1000*$X$4*$X$2)/((C50/10^3)*$X$5*$AA$4),2),"") -> 24.62 | E52: 25.5 | F52: =((($X$5*$AA$4*(C50*0.001)*E52)/1000)/O52) -> 23.345856 | G52: =F52/M52 -> 24.942154 | H52: =G52/N52 -> 27.111037 | I52: GIGA-N | J52: Atmos GIGA-N 150/315-30/4-L1 | K52: 30 | L52: 4P | M52: =INDEX('WEG Motor'!$B$3:$AZ$55, MATCH(K52,'WEG Motor'!$A$3:$A$55,0), MATCH(L52,'WEG Motor'!$B$2:$AZ$2,0))% -> 0.936 | N52: 0.92 | O52: 0.8356 | P52: 3.081 | Q52: =ROUNDUP(H52/(C50/10^3),2) -> 347.58 | U52: =R50*(C50/10^3) -> 27.222 | W52: Pump | X52: 0.8 | Z52: g | AA52: 9.81 | AC52: Pump Power limitation = Motor Input / Flowrate [m3/s]
D53: =IFERROR(ROUNDUP((U53*$X$3*1000*$X$4*$X$2)/((C50/10^3)*$X$5*$AA$4),2),"") -> 24.62 | E53: 25 | F53: =((($X$5*$AA$4*(C50*0.001)*E53)/1000)/O53) -> 23.159714 | G53: =F53/M53 -> 24.743284 | H53: =G53/N53 -> 26.894874 | I53: GIGA-IC | J53: Atmos GIGA-IC 150/315-30/4-L1-GB3 | K53: 30 | L53: 4P | M53: =INDEX('WEG Motor'!$B$3:$AZ$55, MATCH(K53,'WEG Motor'!$A$3:$A$55,0), MATCH(L53,'WEG Motor'!$B$2:$AZ$2,0))% -> 0.936 | N53: 0.92 | O53: 0.8258 | P53: 3.522 | Q53: =ROUNDUP(H53/(C50/10^3),2) -> 344.81 | U53: =R50*(C50/10^3) -> 27.222 | W53: Density | X53: 999.78 | Z53: RT | AA53: kW
D54: =IFERROR(ROUNDUP((U54*$X$3*1000*$X$4*$X$2)/((C50/10^3)*$X$5*$AA$4),2),"") -> 24.62 | E54: 25 | F54: =((($X$5*$AA$4*(C50*0.001)*E54)/1000)/O54) -> 23.446477 | G54: =F54/M54 -> 25.049655 | H54: =G54/N54 -> 27.227886 | I54: SCP | J54: SCP-150-290-HA | K54: 30 | L54: 4P | M54: =INDEX('WEG Motor'!$B$3:$AZ$55, MATCH(K54,'WEG Motor'!$A$3:$A$55,0), MATCH(L54,'WEG Motor'!$B$2:$AZ$2,0))% -> 0.936 | N54: 0.92 | O54: 0.8157 | P54: 3.5 | Q54: =ROUNDUP(H54/(C50/10^3),2) -> 349.08 | U54: =R50*(C50/10^3) -> 27.222 | Z54: 1 | AA54: 3.517 | AC54: Rated Tonnage =( (Flowrate / 1000) * Density * Change in Temp * Specific Heat) / 3.517
D55: =IFERROR(ROUNDUP((U55*$X$3*1000*$X$4*$X$2)/((C50/10^3)*$X$5*$AA$4),2),"") -> 24.62 | E55: 25 | F55: =((($X$5*$AA$4*(C50*0.001)*E55)/1000)/O55) -> 23.446477 | G55: =F55/M55 -> 25.049655 | H55: =G55/N55 -> 27.227886 | I55: SCP-V | J55: SCPV-150-290-HA | K55: 30 | L55: 4P | M55: =INDEX('WEG Motor'!$B$3:$AZ$55, MATCH(K55,'WEG Motor'!$A$3:$A$55,0), MATCH(L55,'WEG Motor'!$B$2:$AZ$2,0))% -> 0.936 | N55: 0.92 | O55: 0.8157 | P55: 3.5 | Q55: =ROUNDUP(H55/(C50/10^3),2) -> 349.08 | U55: =R50*(C50/10^3) -> 27.222
A56: 9 | B56: 700 | C56: =ROUND((B56 * $AA$6 * 1000) / ($X$5*$AA$2*$AA$3),0) -> 84 | D56: =IFERROR(ROUNDUP((U56*$X$3*1000*$X$4*$X$2)/((C56/10^3)*$X$5*$AA$4),2),"") -> 24.62 | E56: 25 | F56: =((($X$5*$AA$4*(C56*0.001)*E56)/1000)/O56) -> 24.935191 | G56: =F56/M56 -> 26.640161 | H56: =G56/N56 -> 28.956697 | I56: GIGA-I | J56: Atmos GIGA-I 150/295-30/4-L1 EN | K56: 30 | L56: 4P | M56: =INDEX('WEG Motor'!$B$3:$AZ$55, MATCH(K56,'WEG Motor'!$A$3:$A$55,0), MATCH(L56,'WEG Motor'!$B$2:$AZ$2,0))% -> 0.936 | N56: 0.92 | O56: 0.826 | P56: 3.822 | Q56: =ROUNDUP(H56/(C56/10^3),2) -> 344.73 | R56: 349 | U56: =R56*(C56/10^3) -> 29.316 | W56: VSD | X56: 0.92 | Z56: △T | AA56: 7 | AC56: Rated Tonnage = Amount if heat needed to melt 1 ton of ice in 24 hrs
D57: =IFERROR(ROUNDUP((U57*$X$3*1000*$X$4*$X$2)/((C56/10^3)*$X$5*$AA$4),2),"") -> 24.62 | E57: 25.5 | F57: =((($X$5*$AA$4*(C56*0.001)*E57)/1000)/O57) -> 24.750704 | G57: =F57/M57 -> 26.443059 | H57: =G57/N57 -> 28.742456 | I57: GIGA-B | J57: Atmos GIGA-B 150/285-30/4-L1 | K57: 30 | L57: 4P | M57: =INDEX('WEG Motor'!$B$3:$AZ$55, MATCH(K57,'WEG Motor'!$A$3:$A$55,0), MATCH(L57,'WEG Motor'!$B$2:$AZ$2,0))% -> 0.936 | N57: 0.92 | O57: 0.8488 | P57: 3.118 | Q57: =ROUNDUP(H57/(C56/10^3),2) -> 342.18 | U57: =R56*(C56/10^3) -> 29.316 | W57: Motor | X57: 0.94 | Z57: Specific Heat | AA57: 4.186
D58: =IFERROR(ROUNDUP((U58*$X$3*1000*$X$4*$X$2)/((C56/10^3)*$X$5*$AA$4),2),"") -> 24.62 | E58: 25.5 | F58: =((($X$5*$AA$4*(C56*0.001)*E58)/1000)/O58) -> 24.750704 | G58: =F58/M58 -> 26.443059 | H58: =G58/N58 -> 28.742456 | I58: GIGA-N | J58: Atmos GIGA-N 150/315-30/4-L1 | K58: 30 | L58: 4P | M58: =INDEX('WEG Motor'!$B$3:$AZ$55, MATCH(K58,'WEG Motor'!$A$3:$A$55,0), MATCH(L58,'WEG Motor'!$B$2:$AZ$2,0))% -> 0.936 | N58: 0.92 | O58: 0.8488 | P58: 3.118 | Q58: =ROUNDUP(H58/(C56/10^3),2) -> 342.18 | U58: =R56*(C56/10^3) -> 29.316 | W58: Pump | X58: 0.8 | Z58: g | AA58: 9.81 | AC58: Pump Power limitation = Motor Input / Flowrate [m3/s]
D59: =IFERROR(ROUNDUP((U59*$X$3*1000*$X$4*$X$2)/((C56/10^3)*$X$5*$AA$4),2),"") -> 24.62 | E59: 25 | F59: =((($X$5*$AA$4*(C56*0.001)*E59)/1000)/O59) -> 24.761322 | G59: =F59/M59 -> 26.454404 | H59: =G59/N59 -> 28.754787 | I59: GIGA-IC | J59: Atmos GIGA-IC 200/315-30/4-L1-GB3 | K59: 30 | L59: 4P | M59: =INDEX('WEG Motor'!$B$3:$AZ$55, MATCH(K59,'WEG Motor'!$A$3:$A$55,0), MATCH(L59,'WEG Motor'!$B$2:$AZ$2,0))% -> 0.936 | N59: 0.92 | O59: 0.8318 | P59: 2.882 | Q59: =ROUNDUP(H59/(C56/10^3),2) -> 342.32 | U59: =R56*(C56/10^3) -> 29.316 | W59: Density | X59: 999.78 | Z59: RT | AA59: kW
D60: =IFERROR(ROUNDUP((U60*$X$3*1000*$X$4*$X$2)/((C56/10^3)*$X$5*$AA$4),2),"") -> 24.62 | E60: 25.5 | F60: =((($X$5*$AA$4*(C56*0.001)*E60)/1000)/O60) -> 25.244409 | G60: =F60/M60 -> 26.970522 | H60: =G60/N60 -> 29.315785 | I60: SCP | J60: SCP-150-290-HA | K60: 30 | L60: 4P | M60: =INDEX('WEG Motor'!$B$3:$AZ$55, MATCH(K60,'WEG Motor'!$A$3:$A$55,0), MATCH(L60,'WEG Motor'!$B$2:$AZ$2,0))% -> 0.936 | N60: 0.92 | O60: 0.8322 | P60: 3.49 | Q60: =ROUNDUP(H60/(C56/10^3),2) -> 349 | U60: =R56*(C56/10^3) -> 29.316 | Z60: 1 | AA60: 3.517 | AC60: Rated Tonnage =( (Flowrate / 1000) * Density * Change in Temp * Specific Heat) / 3.517
D61: =IFERROR(ROUNDUP((U61*$X$3*1000*$X$4*$X$2)/((C56/10^3)*$X$5*$AA$4),2),"") -> 24.62 | E61: 25.5 | F61: =((($X$5*$AA$4*(C56*0.001)*E61)/1000)/O61) -> 25.244409 | G61: =F61/M61 -> 26.970522 | H61: =G61/N61 -> 29.315785 | I61: SCP-V | J61: SCPV-150-290-HA | K61: 30 | L61: 4P | M61: =INDEX('WEG Motor'!$B$3:$AZ$55, MATCH(K61,'WEG Motor'!$A$3:$A$55,0), MATCH(L61,'WEG Motor'!$B$2:$AZ$2,0))% -> 0.936 | N61: 0.92 | O61: 0.8322 | P61: 3.49 | Q61: =ROUNDUP(H61/(C56/10^3),2) -> 349 | U61: =R56*(C56/10^3) -> 29.316
A62: 10 | B62: 750 | C62: =ROUND((B62 * $AA$6 * 1000) / ($X$5*$AA$2*$AA$3),0) -> 90 | D62: =IFERROR(ROUNDUP((U62*$X$3*1000*$X$4*$X$2)/((C62/10^3)*$X$5*$AA$4),2),"") -> 24.62 | E62: 25.5 | F62: =((($X$5*$AA$4*(C62*0.001)*E62)/1000)/O62) -> 26.6884 | G62: =F62/M62 -> 28.422152 | H62: =G62/N62 -> 30.893643 | I62: GIGA-I | J62: Atmos GIGA-I 200/295-37/4-P6-L1 EN | K62: 37 | L62: 4P | M62: =INDEX('WEG Motor'!$B$3:$AZ$55, MATCH(K62,'WEG Motor'!$A$3:$A$55,0), MATCH(L62,'WEG Motor'!$B$2:$AZ$2,0))% -> 0.939 | N62: 0.92 | O62: 0.8434 | P62: 2.991 | Q62: =ROUNDUP(H62/(C62/10^3),2) -> 343.27 | R62: 349 | T62: NPSHR is too high at motor size 30kW, hence I offer 37kW. | U62: =R62*(C62/10^3) -> 31.41 | W62: VSD | X62: 0.92 | Z62: △T | AA62: 7 | AC62: Rated Tonnage = Amount if heat needed to melt 1 ton of ice in 24 hrs
D63: =IFERROR(ROUNDUP((U63*$X$3*1000*$X$4*$X$2)/((C62/10^3)*$X$5*$AA$4),2),"") -> 24.62 | E63: 26 | F63: =((($X$5*$AA$4*(C62*0.001)*E63)/1000)/O63) -> 26.754896 | G63: =F63/M63 -> 28.584291 | H63: =G63/N63 -> 31.069881 | I63: GIGA-B | J63: Atmos GIGA-B 150/285-30/4-L1 | K63: 30 | L63: 4P | M63: =INDEX('WEG Motor'!$B$3:$AZ$55, MATCH(K63,'WEG Motor'!$A$3:$A$55,0), MATCH(L63,'WEG Motor'!$B$2:$AZ$2,0))% -> 0.936 | N63: 0.92 | O63: 0.8578 | P63: 3.17 | Q63: =ROUNDUP(H63/(C62/10^3),2) -> 345.23 | U63: =R62*(C62/10^3) -> 31.41 | W63: Motor | X63: 0.94 | Z63: Specific Heat | AA63: 4.186
D64: =IFERROR(ROUNDUP((U64*$X$3*1000*$X$4*$X$2)/((C62/10^3)*$X$5*$AA$4),2),"") -> 24.62 | E64: 25.5 | F64: =((($X$5*$AA$4*(C62*0.001)*E64)/1000)/O64) -> 26.225093 | G64: =F64/M64 -> 28.018261 | H64: =G64/N64 -> 30.454632 | I64: GIGA-N | J64: Atmos GIGA-N 150/315-30/4-L1 | K64: 30 | L64: 4P | M64: =INDEX('WEG Motor'!$B$3:$AZ$55, MATCH(K64,'WEG Motor'!$A$3:$A$55,0), MATCH(L64,'WEG Motor'!$B$2:$AZ$2,0))% -> 0.936 | N64: 0.92 | O64: 0.8583 | P64: 3.17 | Q64: =ROUNDUP(H64/(C62/10^3),2) -> 338.39 | U64: =R62*(C62/10^3) -> 31.41 | W64: Pump | X64: 0.8 | Z64: g | AA64: 9.81 | AC64: Pump Power limitation = Motor Input / Flowrate [m3/s]
D65: =IFERROR(ROUNDUP((U65*$X$3*1000*$X$4*$X$2)/((C62/10^3)*$X$5*$AA$4),2),"") -> 24.62 | E65: 25.5 | F65: =((($X$5*$AA$4*(C62*0.001)*E65)/1000)/O65) -> 26.805998 | G65: =F65/M65 -> 28.638887 | H65: =G65/N65 -> 31.129225 | I65: GIGA-IC | J65: Atmos GIGA-IC 200/315-30/4-L1-GB3 | K65: 30 | L65: 4P | M65: =INDEX('WEG Motor'!$B$3:$AZ$55, MATCH(K65,'WEG Motor'!$A$3:$A$55,0), MATCH(L65,'WEG Motor'!$B$2:$AZ$2,0))% -> 0.936 | N65: 0.92 | O65: 0.8397 | P65: 3.08 | Q65: =ROUNDUP(H65/(C62/10^3),2) -> 345.89 | U65: =R62*(C62/10^3) -> 31.41 | W65: Density | X65: 999.78 | Z65: RT | AA65: kW
D66: =IFERROR(ROUNDUP((U66*$X$3*1000*$X$4*$X$2)/((C62/10^3)*$X$5*$AA$4),2),"") -> 24.62 | E66: 25 | F66: =((($X$5*$AA$4*(C62*0.001)*E66)/1000)/O66) -> 27.013887 | G66: =F66/M66 -> 28.86099 | H66: =G66/N66 -> 31.370641 | I66: SCP | J66: SCP-200-310-HA | K66: 30 | L66: 4P | M66: =INDEX('WEG Motor'!$B$3:$AZ$55, MATCH(K66,'WEG Motor'!$A$3:$A$55,0), MATCH(L66,'WEG Motor'!$B$2:$AZ$2,0))% -> 0.936 | N66: 0.92 | O66: 0.8169 | P66: 3.52 | Q66: =ROUNDUP(H66/(C62/10^3),2) -> 348.57 | U66: =R62*(C62/10^3) -> 31.41 | Z66: 1 | AA66: 3.517 | AC66: Rated Tonnage =( (Flowrate / 1000) * Density * Change in Temp * Specific Heat) / 3.517
D67: =IFERROR(ROUNDUP((U67*$X$3*1000*$X$4*$X$2)/((C62/10^3)*$X$5*$AA$4),2),"") -> 24.62 | E67: 25 | F67: =((($X$5*$AA$4*(C62*0.001)*E67)/1000)/O67) -> 27.013887 | G67: =F67/M67 -> 28.86099 | H67: =G67/N67 -> 31.370641 | I67: SCP-V | J67: SCPV-200-310-HA | K67: 30 | L67: 4P | M67: =INDEX('WEG Motor'!$B$3:$AZ$55, MATCH(K67,'WEG Motor'!$A$3:$A$55,0), MATCH(L67,'WEG Motor'!$B$2:$AZ$2,0))% -> 0.936 | N67: 0.92 | O67: 0.8169 | P67: 3.52 | Q67: =ROUNDUP(H67/(C62/10^3),2) -> 348.57 | U67: =R62*(C62/10^3) -> 31.41
A68: 11 | B68: 800 | C68: =ROUND((B68 * $AA$6 * 1000) / ($X$5*$AA$2*$AA$3),0) -> 96 | D68: =IFERROR(ROUNDUP((U68*$X$3*1000*$X$4*$X$2)/((C68/10^3)*$X$5*$AA$4),2),"") -> 24.62 | E68: 26 | F68: =((($X$5*$AA$4*(C68*0.001)*E68)/1000)/O68) -> 28.926354 | G68: =F68/M68 -> 30.805488 | H68: =G68/N68 -> 33.484227 | I68: GIGA-I | J68: Atmos GIGA-I 200/295-37/4-P6-L1 EN | K68: 37 | L68: 4P | M68: =INDEX('WEG Motor'!$B$3:$AZ$55, MATCH(K68,'WEG Motor'!$A$3:$A$55,0), MATCH(L68,'WEG Motor'!$B$2:$AZ$2,0))% -> 0.939 | N68: 0.92 | O68: 0.8463 | P68: 3.251 | Q68: =ROUNDUP(H68/(C68/10^3),2) -> 348.8 | R68: 349 | U68: =R68*(C68/10^3) -> 33.504 | W68: VSD | X68: 0.92 | Z68: △T | AA68: 7 | AC68: Rated Tonnage = Amount if heat needed to melt 1 ton of ice in 24 hrs
D69: =IFERROR(ROUNDUP((U69*$X$3*1000*$X$4*$X$2)/((C68/10^3)*$X$5*$AA$4),2),"") -> 24.62 | E69: 26.5 | F69: =((($X$5*$AA$4*(C68*0.001)*E69)/1000)/O69) -> 28.838592 | G69: =F69/M69 -> 30.712025 | H69: =G69/N69 -> 33.382636 | I69: GIGA-B | J69: Atmos GIGA-B 150/295-37/4-L1 | K69: 37 | L69: 4P | M69: =INDEX('WEG Motor'!$B$3:$AZ$55, MATCH(K69,'WEG Motor'!$A$3:$A$55,0), MATCH(L69,'WEG Motor'!$B$2:$AZ$2,0))% -> 0.939 | N69: 0.92 | O69: 0.8652 | P69: 3.243 | Q69: =ROUNDUP(H69/(C68/10^3),2) -> 347.74 | U69: =R68*(C68/10^3) -> 33.504 | W69: Motor | X69: 0.94 | Z69: Specific Heat | AA69: 4.186
D70: =IFERROR(ROUNDUP((U70*$X$3*1000*$X$4*$X$2)/((C68/10^3)*$X$5*$AA$4),2),"") -> 24.62 | E70: 26.5 | F70: =((($X$5*$AA$4*(C68*0.001)*E70)/1000)/O70) -> 28.838592 | G70: =F70/M70 -> 30.712025 | H70: =G70/N70 -> 33.382636 | I70: GIGA-N | J70: Atmos GIGA-N 150/315-37/4-L1 | K70: 37 | L70: 4P | M70: =INDEX('WEG Motor'!$B$3:$AZ$55, MATCH(K70,'WEG Motor'!$A$3:$A$55,0), MATCH(L70,'WEG Motor'!$B$2:$AZ$2,0))% -> 0.939 | N70: 0.92 | O70: 0.8652 | P70: 3.243 | Q70: =ROUNDUP(H70/(C68/10^3),2) -> 347.74 | U70: =R68*(C68/10^3) -> 33.504 | W70: Pump | X70: 0.8 | Z70: g | AA70: 9.81 | AC70: Pump Power limitation = Motor Input / Flowrate [m3/s]
D71: =IFERROR(ROUNDUP((U71*$X$3*1000*$X$4*$X$2)/((C68/10^3)*$X$5*$AA$4),2),"") -> 24.62 | E71: 25.5 | F71: =((($X$5*$AA$4*(C68*0.001)*E71)/1000)/O71) -> 28.430547 | G71: =F71/M71 -> 30.277473 | H71: =G71/N71 -> 32.910296 | I71: GIGA-IC | J71: Atmos GIGA-IC 200/315-37/4-L1-GB3 | K71: 37 | L71: 4P | M71: =INDEX('WEG Motor'!$B$3:$AZ$55, MATCH(K71,'WEG Motor'!$A$3:$A$55,0), MATCH(L71,'WEG Motor'!$B$2:$AZ$2,0))% -> 0.939 | N71: 0.92 | O71: 0.8445 | P71: 3.301 | Q71: =ROUNDUP(H71/(C68/10^3),2) -> 342.82 | U71: =R68*(C68/10^3) -> 33.504 | W71: Density | X71: 999.78 | Z71: RT | AA71: kW
D72: =IFERROR(ROUNDUP((U72*$X$3*1000*$X$4*$X$2)/((C68/10^3)*$X$5*$AA$4),2),"") -> 24.62 | E72: 25.5 | F72: =((($X$5*$AA$4*(C68*0.001)*E72)/1000)/O72) -> 28.840356 | G72: =F72/M72 -> 30.713905 | H72: =G72/N72 -> 33.384679 | I72: SCP | J72: SCP-200-310-HA | K72: 37 | L72: 4P | M72: =INDEX('WEG Motor'!$B$3:$AZ$55, MATCH(K72,'WEG Motor'!$A$3:$A$55,0), MATCH(L72,'WEG Motor'!$B$2:$AZ$2,0))% -> 0.939 | N72: 0.92 | O72: 0.8325 | P72: 3.24 | Q72: =ROUNDUP(H72/(C68/10^3),2) -> 347.76 | U72: =R68*(C68/10^3) -> 33.504 | Z72: 1 | AA72: 3.517 | AC72: Rated Tonnage =( (Flowrate / 1000) * Density * Change in Temp * Specific Heat) / 3.517
D73: =IFERROR(ROUNDUP((U73*$X$3*1000*$X$4*$X$2)/((C68/10^3)*$X$5*$AA$4),2),"") -> 24.62 | E73: 25.5 | F73: =((($X$5*$AA$4*(C68*0.001)*E73)/1000)/O73) -> 28.840356 | G73: =F73/M73 -> 30.713905 | H73: =G73/N73 -> 33.384679 | I73: SCP-V | J73: SCPV-200-310-HA | K73: 37 | L73: 4P | M73: =INDEX('WEG Motor'!$B$3:$AZ$55, MATCH(K73,'WEG Motor'!$A$3:$A$55,0), MATCH(L73,'WEG Motor'!$B$2:$AZ$2,0))% -> 0.939 | N73: 0.92 | O73: 0.8325 | P73: 3.24 | Q73: =ROUNDUP(H73/(C68/10^3),2) -> 347.76 | U73: =R68*(C68/10^3) -> 33.504
A74: 12 | B74: 850 | C74: =ROUND((B74 * $AA$6 * 1000) / ($X$5*$AA$2*$AA$3),0) -> 102 | D74: =IFERROR(ROUNDUP((U74*$X$3*1000*$X$4*$X$2)/((C74/10^3)*$X$5*$AA$4),2),"") -> 24.62 | E74: 26 | F74: =((($X$5*$AA$4*(C74*0.001)*E74)/1000)/O74) -> 30.676255 | G74: =F74/M74 -> 32.669068 | H74: =G74/N74 -> 35.509856 | I74: GIGA-I | J74: Atmos GIGA-I 200/295-37/4-P6-L1 EN | K74: 37 | L74: 4P | M74: =INDEX('WEG Motor'!$B$3:$AZ$55, MATCH(K74,'WEG Motor'!$A$3:$A$55,0), MATCH(L74,'WEG Motor'!$B$2:$AZ$2,0))% -> 0.939 | N74: 0.92 | O74: 0.8479 | P74: 3.52 | Q74: =ROUNDUP(H74/(C74/10^3),2) -> 348.14 | R74: 349 | U74: =R74*(C74/10^3) -> 35.598 | W74: VSD | X74: 0.92 | Z74: △T | AA74: 7 | AC74: Rated Tonnage = Amount if heat needed to melt 1 ton of ice in 24 hrs
D75: =IFERROR(ROUNDUP((U75*$X$3*1000*$X$4*$X$2)/((C74/10^3)*$X$5*$AA$4),2),"") -> 24.62 | E75: 26.5 | F75: =((($X$5*$AA$4*(C74*0.001)*E75)/1000)/O75) -> 30.422993 | G75: =F75/M75 -> 32.399354 | H75: =G75/N75 -> 35.216689 | I75: GIGA-B | J75: Atmos GIGA-B 150/295-37/4-L1 | K75: 37 | L75: 4P | M75: =INDEX('WEG Motor'!$B$3:$AZ$55, MATCH(K75,'WEG Motor'!$A$3:$A$55,0), MATCH(L75,'WEG Motor'!$B$2:$AZ$2,0))% -> 0.939 | N75: 0.92 | O75: 0.8714 | P75: 3.343 | Q75: =ROUNDUP(H75/(C74/10^3),2) -> 345.27 | U75: =R74*(C74/10^3) -> 35.598 | W75: Motor | X75: 0.94 | Z75: Specific Heat | AA75: 4.186
D76: =IFERROR(ROUNDUP((U76*$X$3*1000*$X$4*$X$2)/((C74/10^3)*$X$5*$AA$4),2),"") -> 24.62 | E76: 26.5 | F76: =((($X$5*$AA$4*(C74*0.001)*E76)/1000)/O76) -> 30.422993 | G76: =F76/M76 -> 32.399354 | H76: =G76/N76 -> 35.216689 | I76: GIGA-N | J76: Atmos GIGA-N 150/315-37/4-L1 | K76: 37 | L76: 4P | M76: =INDEX('WEG Motor'!$B$3:$AZ$55, MATCH(K76,'WEG Motor'!$A$3:$A$55,0), MATCH(L76,'WEG Motor'!$B$2:$AZ$2,0))% -> 0.939 | N76: 0.92 | O76: 0.8714 | P76: 3.343 | Q76: =ROUNDUP(H76/(C74/10^3),2) -> 345.27 | U76: =R74*(C74/10^3) -> 35.598 | W76: Pump | X76: 0.8 | Z76: g | AA76: 9.81 | AC76: Pump Power limitation = Motor Input / Flowrate [m3/s]
D77: =IFERROR(ROUNDUP((U77*$X$3*1000*$X$4*$X$2)/((C74/10^3)*$X$5*$AA$4),2),"") -> 24.62 | E77: 26 | F77: =((($X$5*$AA$4*(C74*0.001)*E77)/1000)/O77) -> 30.708851 | G77: =F77/M77 -> 32.703781 | H77: =G77/N77 -> 35.547588 | I77: GIGA-IC | J77: Atmos GIGA-IC 200/315-37/4-L1-GB3 | K77: 37 | L77: 4P | M77: =INDEX('WEG Motor'!$B$3:$AZ$55, MATCH(K77,'WEG Motor'!$A$3:$A$55,0), MATCH(L77,'WEG Motor'!$B$2:$AZ$2,0))% -> 0.939 | N77: 0.92 | O77: 0.847 | P77: 3.546 | Q77: =ROUNDUP(H77/(C74/10^3),2) -> 348.51 | U77: =R74*(C74/10^3) -> 35.598 | W77: Density | X77: 999.78 | Z77: RT | AA77: kW
D78: =IFERROR(ROUNDUP((U78*$X$3*1000*$X$4*$X$2)/((C74/10^3)*$X$5*$AA$4),2),"") -> 24.62 | E78: 26 | F78: =((($X$5*$AA$4*(C74*0.001)*E78)/1000)/O78) -> 30.690733 | G78: =F78/M78 -> 32.684487 | H78: =G78/N78 -> 35.526616 | I78: SCP | J78: SCP-200-310-HA | K78: 37 | L78: 4P | M78: =INDEX('WEG Motor'!$B$3:$AZ$55, MATCH(K78,'WEG Motor'!$A$3:$A$55,0), MATCH(L78,'WEG Motor'!$B$2:$AZ$2,0))% -> 0.939 | N78: 0.92 | O78: 0.8475 | P78: 3.35 | Q78: =ROUNDUP(H78/(C74/10^3),2) -> 348.31 | U78: =R74*(C74/10^3) -> 35.598 | Z78: 1 | AA78: 3.517 | AC78: Rated Tonnage =( (Flowrate / 1000) * Density * Change in Temp * Specific Heat) / 3.517
D79: =IFERROR(ROUNDUP((U79*$X$3*1000*$X$4*$X$2)/((C74/10^3)*$X$5*$AA$4),2),"") -> 24.62 | E79: 26 | F79: =((($X$5*$AA$4*(C74*0.001)*E79)/1000)/O79) -> 30.690733 | G79: =F79/M79 -> 32.684487 | H79: =G79/N79 -> 35.526616 | I79: SCP-V | J79: SCPV-200-310-HA | K79: 37 | L79: 4P | M79: =INDEX('WEG Motor'!$B$3:$AZ$55, MATCH(K79,'WEG Motor'!$A$3:$A$55,0), MATCH(L79,'WEG Motor'!$B$2:$AZ$2,0))% -> 0.939 | N79: 0.92 | O79: 0.8475 | P79: 3.35 | Q79: =ROUNDUP(H79/(C74/10^3),2) -> 348.31 | U79: =R74*(C74/10^3) -> 35.598
A80: 13 | B80: 900 | C80: =ROUND((B80 * $AA$6 * 1000) / ($X$5*$AA$2*$AA$3),0) -> 108 | D80: =IFERROR(ROUNDUP((U80*$X$3*1000*$X$4*$X$2)/((C80/10^3)*$X$5*$AA$4),2),"") -> 24.62 | E80: 26 | F80: =((($X$5*$AA$4*(C80*0.001)*E80)/1000)/O80) -> 32.484572 | G80: =F80/M80 -> 34.594858 | H80: =G80/N80 -> 37.603106 | I80: GIGA-I | J80: Atmos GIGA-I 200/295-37/4-P6-L1 EN | K80: 37 | L80: 4P | M80: =INDEX('WEG Motor'!$B$3:$AZ$55, MATCH(K80,'WEG Motor'!$A$3:$A$55,0), MATCH(L80,'WEG Motor'!$B$2:$AZ$2,0))% -> 0.939 | N80: 0.92 | O80: 0.8478 | P80: 3.81 | Q80: =ROUNDUP(H80/(C80/10^3),2) -> 348.18 | R80: 349 | U80: =R80*(C80/10^3) -> 37.692 | W80: VSD | X80: 0.92 | Z80: △T | AA80: 7 | AC80: Rated Tonnage = Amount if heat needed to melt 1 ton of ice in 24 hrs
D81: =IFERROR(ROUNDUP((U81*$X$3*1000*$X$4*$X$2)/((C80/10^3)*$X$5*$AA$4),2),"") -> 24.62 | E81: 26.5 | F81: =((($X$5*$AA$4*(C80*0.001)*E81)/1000)/O81) -> 32.050746 | G81: =F81/M81 -> 34.13285 | H81: =G81/N81 -> 37.100924 | I81: GIGA-B | J81: Atmos GIGA-B 150/295-37/4-L1 | K81: 37 | L81: 4P | M81: =INDEX('WEG Motor'!$B$3:$AZ$55, MATCH(K81,'WEG Motor'!$A$3:$A$55,0), MATCH(L81,'WEG Motor'!$B$2:$AZ$2,0))% -> 0.939 | N81: 0.92 | O81: 0.8758 | P81: 3.476 | Q81: =ROUNDUP(H81/(C80/10^3),2) -> 343.53 | U81: =R80*(C80/10^3) -> 37.692 | W81: Motor | X81: 0.94 | Z81: Specific Heat | AA81: 4.186
D82: =IFERROR(ROUNDUP((U82*$X$3*1000*$X$4*$X$2)/((C80/10^3)*$X$5*$AA$4),2),"") -> 24.62 | E82: 26.5 | F82: =((($X$5*$AA$4*(C80*0.001)*E82)/1000)/O82) -> 32.050746 | G82: =F82/M82 -> 34.13285 | H82: =G82/N82 -> 37.100924 | I82: GIGA-N | J82: Atmos GIGA-N 150/315-37/4-L1 | K82: 37 | L82: 4P | M82: =INDEX('WEG Motor'!$B$3:$AZ$55, MATCH(K82,'WEG Motor'!$A$3:$A$55,0), MATCH(L82,'WEG Motor'!$B$2:$AZ$2,0))% -> 0.939 | N82: 0.92 | O82: 0.8758 | P82: 3.476 | Q82: =ROUNDUP(H82/(C80/10^3),2) -> 343.53 | U82: =R80*(C80/10^3) -> 37.692 | W82: Pump | X82: 0.8 | Z82: g | AA82: 9.81 | AC82: Pump Power limitation = Motor Input / Flowrate [m3/s]
D83: =IFERROR(ROUNDUP((U83*$X$3*1000*$X$4*$X$2)/((C80/10^3)*$X$5*$AA$4),2),"") -> 24.62 | E83: 26 | F83: =((($X$5*$AA$4*(C80*0.001)*E83)/1000)/O83) -> 32.496071 | G83: =F83/M83 -> 34.607104 | H83: =G83/N83 -> 37.616417 | I83: GIGA-IC | J83: Atmos GIGA-IC 200/315-37/4-L1-GB3 | K83: 37 | L83: 4P | M83: =INDEX('WEG Motor'!$B$3:$AZ$55, MATCH(K83,'WEG Motor'!$A$3:$A$55,0), MATCH(L83,'WEG Motor'!$B$2:$AZ$2,0))% -> 0.939 | N83: 0.92 | O83: 0.8475 | P83: 3.818 | Q83: =ROUNDUP(H83/(C80/10^3),2) -> 348.31 | U83: =R80*(C80/10^3) -> 37.692 | W83: Density | X83: 999.78 | Z83: RT | AA83: kW
D84: =IFERROR(ROUNDUP((U84*$X$3*1000*$X$4*$X$2)/((C80/10^3)*$X$5*$AA$4),2),"") -> 24.62 | E84: 26 | F84: =((($X$5*$AA$4*(C80*0.001)*E84)/1000)/O84) -> 32.012577 | G84: =F84/M84 -> 34.092201 | H84: =G84/N84 -> 37.05674 | I84: SCP | J84: SCP-200-310-HA | K84: 37 | L84: 4P | M84: =INDEX('WEG Motor'!$B$3:$AZ$55, MATCH(K84,'WEG Motor'!$A$3:$A$55,0), MATCH(L84,'WEG Motor'!$B$2:$AZ$2,0))% -> 0.939 | N84: 0.92 | O84: 0.8603 | P84: 3.47 | Q84: =ROUNDUP(H84/(C80/10^3),2) -> 343.12 | U84: =R80*(C80/10^3) -> 37.692 | Z84: 1 | AA84: 3.517 | AC84: Rated Tonnage =( (Flowrate / 1000) * Density * Change in Temp * Specific Heat) / 3.517
D85: =IFERROR(ROUNDUP((U85*$X$3*1000*$X$4*$X$2)/((C80/10^3)*$X$5*$AA$4),2),"") -> 24.62 | E85: 26 | F85: =((($X$5*$AA$4*(C80*0.001)*E85)/1000)/O85) -> 32.034919 | G85: =F85/M85 -> 34.115995 | H85: =G85/N85 -> 37.082603 | I85: SCP-V | J85: SCPV-200-310-HA | K85: 37 | L85: 4P | M85: =INDEX('WEG Motor'!$B$3:$AZ$55, MATCH(K85,'WEG Motor'!$A$3:$A$55,0), MATCH(L85,'WEG Motor'!$B$2:$AZ$2,0))% -> 0.939 | N85: 0.92 | O85: 0.8597 | P85: 3.49 | Q85: =ROUNDUP(H85/(C80/10^3),2) -> 343.36 | U85: =R80*(C80/10^3) -> 37.692
A86: 14 | B86: 950 | C86: =ROUND((B86 * $AA$6 * 1000) / ($X$5*$AA$2*$AA$3),0) -> 114 | D86: =IFERROR(ROUNDUP((U86*$X$3*1000*$X$4*$X$2)/((C86/10^3)*$X$5*$AA$4),2),"") -> 24.62 | E86: 25.5 | F86: =((($X$5*$AA$4*(C86*0.001)*E86)/1000)/O86) -> 33.709383 | G86: =F86/M86 -> 35.899236 | H86: =G86/N86 -> 39.020909 | I86: GIGA-I | J86: Atmos GIGA-I 200/295-37/4-P6-L1 EN | K86: 37 | L86: 4P | M86: =INDEX('WEG Motor'!$B$3:$AZ$55, MATCH(K86,'WEG Motor'!$A$3:$A$55,0), MATCH(L86,'WEG Motor'!$B$2:$AZ$2,0))% -> 0.939 | N86: 0.92 | O86: 0.8458 | P86: 4.121 | Q86: =ROUNDUP(H86/(C86/10^3),2) -> 342.29 | R86: 349 | U86: =R86*(C86/10^3) -> 39.786 | W86: VSD | X86: 0.92 | Z86: △T | AA86: 7 | AC86: Rated Tonnage = Amount if heat needed to melt 1 ton of ice in 24 hrs
D87: =IFERROR(ROUNDUP((U87*$X$3*1000*$X$4*$X$2)/((C86/10^3)*$X$5*$AA$4),2),"") -> 24.62 | E87: 26.5 | F87: =((($X$5*$AA$4*(C86*0.001)*E87)/1000)/O87) -> 33.738886 | G87: =F87/M87 -> 35.930656 | H87: =G87/N87 -> 39.055061 | I87: GIGA-B | J87: Atmos GIGA-B 150/295-37/4-L1 | K87: 37 | L87: 4P | M87: =INDEX('WEG Motor'!$B$3:$AZ$55, MATCH(K87,'WEG Motor'!$A$3:$A$55,0), MATCH(L87,'WEG Motor'!$B$2:$AZ$2,0))% -> 0.939 | N87: 0.92 | O87: 0.8782 | P87: 3.651 | Q87: =ROUNDUP(H87/(C86/10^3),2) -> 342.59 | U87: =R86*(C86/10^3) -> 39.786 | W87: Motor | X87: 0.94 | Z87: Specific Heat | AA87: 4.186
D88: =IFERROR(ROUNDUP((U88*$X$3*1000*$X$4*$X$2)/((C86/10^3)*$X$5*$AA$4),2),"") -> 24.62 | E88: 26 | F88: =((($X$5*$AA$4*(C86*0.001)*E88)/1000)/O88) -> 33.136263 | G88: =F88/M88 -> 35.288884 | H88: =G88/N88 -> 38.357483 | I88: GIGA-N | J88: Atmos GIGA-N 150/315-37/4-L1 | K88: 37 | L88: 4P | M88: =INDEX('WEG Motor'!$B$3:$AZ$55, MATCH(K88,'WEG Motor'!$A$3:$A$55,0), MATCH(L88,'WEG Motor'!$B$2:$AZ$2,0))% -> 0.939 | N88: 0.92 | O88: 0.8773 | P88: 3.651 | Q88: =ROUNDUP(H88/(C86/10^3),2) -> 336.47 | U88: =R86*(C86/10^3) -> 39.786 | W88: Pump | X88: 0.8 | Z88: g | AA88: 9.81 | AC88: Pump Power limitation = Motor Input / Flowrate [m3/s]
D89: =IFERROR(ROUNDUP((U89*$X$3*1000*$X$4*$X$2)/((C86/10^3)*$X$5*$AA$4),2),"") -> 24.62 | E89: 26 | F89: =((($X$5*$AA$4*(C86*0.001)*E89)/1000)/O89) -> 34.366288 | G89: =F89/M89 -> 36.598816 | H89: =G89/N89 -> 39.781322 | I89: GIGA-IC | J89: Atmos GIGA-IC 200/315-37/4-L1-GB3 | K89: 37 | L89: 4P | M89: =INDEX('WEG Motor'!$B$3:$AZ$55, MATCH(K89,'WEG Motor'!$A$3:$A$55,0), MATCH(L89,'WEG Motor'!$B$2:$AZ$2,0))% -> 0.939 | N89: 0.92 | O89: 0.8459 | P89: 4.122 | Q89: =ROUNDUP(H89/(C86/10^3),2) -> 348.96 | U89: =R86*(C86/10^3) -> 39.786 | W89: Density | X89: 999.78 | Z89: RT | AA89: kW
D90: =IFERROR(ROUNDUP((U90*$X$3*1000*$X$4*$X$2)/((C86/10^3)*$X$5*$AA$4),2),"") -> 24.62 | E90: 26.5 | F90: =((($X$5*$AA$4*(C86*0.001)*E90)/1000)/O90) -> 34.115705 | G90: =F90/M90 -> 36.331955 | H90: =G90/N90 -> 39.491255 | I90: SCP | J90: SCP-200-310-HA | K90: 37 | L90: 4P | M90: =INDEX('WEG Motor'!$B$3:$AZ$55, MATCH(K90,'WEG Motor'!$A$3:$A$55,0), MATCH(L90,'WEG Motor'!$B$2:$AZ$2,0))% -> 0.939 | N90: 0.92 | O90: 0.8685 | P90: 3.62 | Q90: =ROUNDUP(H90/(C86/10^3),2) -> 346.42 | U90: =R86*(C86/10^3) -> 39.786 | Z90: 1 | AA90: 3.517 | AC90: Rated Tonnage =( (Flowrate / 1000) * Density * Change in Temp * Specific Heat) / 3.517
D91: =IFERROR(ROUNDUP((U91*$X$3*1000*$X$4*$X$2)/((C86/10^3)*$X$5*$AA$4),2),"") -> 24.62 | E91: 26.5 | F91: =((($X$5*$AA$4*(C86*0.001)*E91)/1000)/O91) -> 34.115705 | G91: =F91/M91 -> 36.331955 | H91: =G91/N91 -> 39.491255 | I91: SCP-V | J91: SCPV-200-310-HA | K91: 37 | L91: 4P | M91: =INDEX('WEG Motor'!$B$3:$AZ$55, MATCH(K91,'WEG Motor'!$A$3:$A$55,0), MATCH(L91,'WEG Motor'!$B$2:$AZ$2,0))% -> 0.939 | N91: 0.92 | O91: 0.8685 | P91: 3.62 | Q91: =ROUNDUP(H91/(C86/10^3),2) -> 346.42 | U91: =R86*(C86/10^3) -> 39.786
A92: 15 | B92: 1000 | C92: =ROUND((B92 * $AA$6 * 1000) / ($X$5*$AA$2*$AA$3),0) -> 120 | D92: =IFERROR(ROUNDUP((U92*$X$3*1000*$X$4*$X$2)/((C92/10^3)*$X$5*$AA$4),2),"") -> 24.62 | E92: 25.5 | F92: =((($X$5*$AA$4*(C92*0.001)*E92)/1000)/O92) -> 35.745588 | G92: =F92/M92 -> 37.946484 | H92: =G92/N92 -> 41.246179 | I92: GIGA-I | J92: Atmos GIGA-I 200/305-45/4-P6-L1 EN | K92: 45 | L92: 4P | M92: =INDEX('WEG Motor'!$B$3:$AZ$55, MATCH(K92,'WEG Motor'!$A$3:$A$55,0), MATCH(L92,'WEG Motor'!$B$2:$AZ$2,0))% -> 0.942 | N92: 0.92 | O92: 0.8396 | P92: 4.49 | Q92: =ROUNDUP(H92/(C92/10^3),2) -> 343.72 | R92: 349 | U92: =R92*(C92/10^3) -> 41.88 | W92: VSD | X92: 0.92 | Z92: △T | AA92: 7 | AC92: Rated Tonnage = Amount if heat needed to melt 1 ton of ice in 24 hrs
D93: =IFERROR(ROUNDUP((U93*$X$3*1000*$X$4*$X$2)/((C92/10^3)*$X$5*$AA$4),2),"") -> 24.62 | E93: 27 | F93: =((($X$5*$AA$4*(C92*0.001)*E93)/1000)/O93) -> 36.19707 | G93: =F93/M93 -> 38.425764 | H93: =G93/N93 -> 41.767135 | I93: GIGA-B | J93: Atmos GIGA-B 150/305-45/4-L1 | K93: 45 | L93: 4P | M93: =INDEX('WEG Motor'!$B$3:$AZ$55, MATCH(K93,'WEG Motor'!$A$3:$A$55,0), MATCH(L93,'WEG Motor'!$B$2:$AZ$2,0))% -> 0.942 | N93: 0.92 | O93: 0.8779 | P93: 3.877 | Q93: =ROUNDUP(H93/(C92/10^3),2) -> 348.06 | U93: =R92*(C92/10^3) -> 41.88 | W93: Motor | X93: 0.94 | Z93: Specific Heat | AA93: 4.186
D94: =IFERROR(ROUNDUP((U94*$X$3*1000*$X$4*$X$2)/((C92/10^3)*$X$5*$AA$4),2),"") -> 24.62 | E94: 27 | F94: =((($X$5*$AA$4*(C92*0.001)*E94)/1000)/O94) -> 36.19707 | G94: =F94/M94 -> 38.425764 | H94: =G94/N94 -> 41.767135 | I94: GIGA-N | J94: Atmos GIGA-N 150/315-45/4-L1 | K94: 45 | L94: 4P | M94: =INDEX('WEG Motor'!$B$3:$AZ$55, MATCH(K94,'WEG Motor'!$A$3:$A$55,0), MATCH(L94,'WEG Motor'!$B$2:$AZ$2,0))% -> 0.942 | N94: 0.92 | O94: 0.8779 | P94: 3.881 | Q94: =ROUNDUP(H94/(C92/10^3),2) -> 348.06 | U94: =R92*(C92/10^3) -> 41.88 | W94: Pump | X94: 0.8 | Z94: g | AA94: 9.81 | AC94: Pump Power limitation = Motor Input / Flowrate [m3/s]
D95: =IFERROR(ROUNDUP((U95*$X$3*1000*$X$4*$X$2)/((C92/10^3)*$X$5*$AA$4),2),"") -> 24.62 | E95: 25.5 | F95: =((($X$5*$AA$4*(C92*0.001)*E95)/1000)/O95) -> 35.643701 | G95: =F95/M95 -> 37.838323 | H95: =G95/N95 -> 41.128612 | I95: GIGA-IC | J95: Atmos GIGA-IC 200/315-45/4-L1-GB3 | K95: 45 | L95: 4P | M95: =INDEX('WEG Motor'!$B$3:$AZ$55, MATCH(K95,'WEG Motor'!$A$3:$A$55,0), MATCH(L95,'WEG Motor'!$B$2:$AZ$2,0))% -> 0.942 | N95: 0.92 | O95: 0.842 | P95: 4.464 | Q95: =ROUNDUP(H95/(C92/10^3),2) -> 342.74 | U95: =R92*(C92/10^3) -> 41.88 | W95: Density | X95: 999.78 | Z95: RT | AA95: kW
D96: =IFERROR(ROUNDUP((U96*$X$3*1000*$X$4*$X$2)/((C92/10^3)*$X$5*$AA$4),2),"") -> 24.62 | E96: 26.5 | F96: =((($X$5*$AA$4*(C92*0.001)*E96)/1000)/O96) -> 35.701622 | G96: =F96/M96 -> 37.899811 | H96: =G96/N96 -> 41.195447 | I96: SCP | J96: SCP-200-310-HA | K96: 45 | L96: 4P | M96: =INDEX('WEG Motor'!$B$3:$AZ$55, MATCH(K96,'WEG Motor'!$A$3:$A$55,0), MATCH(L96,'WEG Motor'!$B$2:$AZ$2,0))% -> 0.942 | N96: 0.92 | O96: 0.8736 | P96: 3.8 | Q96: =ROUNDUP(H96/(C92/10^3),2) -> 343.3 | U96: =R92*(C92/10^3) -> 41.88 | Z96: 1 | AA96: 3.517 | AC96: Rated Tonnage =( (Flowrate / 1000) * Density * Change in Temp * Specific Heat) / 3.517
D97: =IFERROR(ROUNDUP((U97*$X$3*1000*$X$4*$X$2)/((C92/10^3)*$X$5*$AA$4),2),"") -> 24.62 | E97: 26.5 | F97: =((($X$5*$AA$4*(C92*0.001)*E97)/1000)/O97) -> 35.701622 | G97: =F97/M97 -> 37.899811 | H97: =G97/N97 -> 41.195447 | I97: SCP-V | J97: SCPV-200-310-HA | K97: 45 | L97: 4P | M97: =INDEX('WEG Motor'!$B$3:$AZ$55, MATCH(K97,'WEG Motor'!$A$3:$A$55,0), MATCH(L97,'WEG Motor'!$B$2:$AZ$2,0))% -> 0.942 | N97: 0.92 | O97: 0.8736 | P97: 3.8 | Q97: =ROUNDUP(H97/(C92/10^3),2) -> 343.3 | U97: =R92*(C92/10^3) -> 41.88
A98: 16 | B98: 1050 | C98: =ROUND((B98 * $AA$6 * 1000) / ($X$5*$AA$2*$AA$3),0) -> 126 | D98: =IFERROR(ROUNDUP((U98*$X$3*1000*$X$4*$X$2)/((C98/10^3)*$X$5*$AA$4),2),"") -> 24.62 | E98: 25.5 | F98: =((($X$5*$AA$4*(C98*0.001)*E98)/1000)/O98) -> 37.694492 | G98: =F98/M98 -> 40.015385 | H98: =G98/N98 -> 43.494983 | I98: GIGA-I | J98: Atmos GIGA-I 200/305-45/4-P6-L1 EN | K98: 45 | L98: 4P | M98: =INDEX('WEG Motor'!$B$3:$AZ$55, MATCH(K98,'WEG Motor'!$A$3:$A$55,0), MATCH(L98,'WEG Motor'!$B$2:$AZ$2,0))% -> 0.942 | N98: 0.92 | O98: 0.836 | P98: 4.902 | Q98: =ROUNDUP(H98/(C98/10^3),2) -> 345.2 | R98: 349 | U98: =R98*(C98/10^3) -> 43.974 | W98: VSD | X98: 0.92 | Z98: △T | AA98: 7 | AC98: Rated Tonnage = Amount if heat needed to melt 1 ton of ice in 24 hrs
D99: =IFERROR(ROUNDUP((U99*$X$3*1000*$X$4*$X$2)/((C98/10^3)*$X$5*$AA$4),2),"") -> 24.62 | E99: 27 | F99: =((($X$5*$AA$4*(C98*0.001)*E99)/1000)/O99) -> 38.076318 | G99: =F99/M99 -> 40.42072 | H99: =G99/N99 -> 43.935565 | I99: GIGA-B | J99: Atmos GIGA-B 150/305-45/4-L1 | K99: 45 | L99: 4P | M99: =INDEX('WEG Motor'!$B$3:$AZ$55, MATCH(K99,'WEG Motor'!$A$3:$A$55,0), MATCH(L99,'WEG Motor'!$B$2:$AZ$2,0))% -> 0.942 | N99: 0.92 | O99: 0.8763 | P99: 4.162 | Q99: =ROUNDUP(H99/(C98/10^3),2) -> 348.7 | U99: =R98*(C98/10^3) -> 43.974 | W99: Motor | X99: 0.94 | Z99: Specific Heat | AA99: 4.186
D100: =IFERROR(ROUNDUP((U100*$X$3*1000*$X$4*$X$2)/((C98/10^3)*$X$5*$AA$4),2),"") -> 24.62 | E100: 27 | F100: =((($X$5*$AA$4*(C98*0.001)*E100)/1000)/O100) -> 38.076318 | G100: =F100/M100 -> 40.42072 | H100: =G100/N100 -> 43.935565 | I100: GIGA-N | J100: Atmos GIGA-N 150/315-45/4-L1 | K100: 45 | L100: 4P | M100: =INDEX('WEG Motor'!$B$3:$AZ$55, MATCH(K100,'WEG Motor'!$A$3:$A$55,0), MATCH(L100,'WEG Motor'!$B$2:$AZ$2,0))% -> 0.942 | N100: 0.92 | O100: 0.8763 | P100: 4.167 | Q100: =ROUNDUP(H100/(C98/10^3),2) -> 348.7 | U100: =R98*(C98/10^3) -> 43.974 | W100: Pump | X100: 0.8 | Z100: g | AA100: 9.81 | AC100: Pump Power limitation = Motor Input / Flowrate [m3/s]
...

Sheet Condenser Water Pump (301)
A1: S/N | B1: Rated Tonnage | C1: Flowrate (l/s) | D1: Head (m, calculation) | E1: Head (m, datasheet) | F1: Rated Power (kW, P2) | G1: Motor Input (kW, P1) (Pump + Motor) | H1: Overall Power Input (Pump + Motor + VSD) | I1: Pump Model | J1: Pump Model | K1: Motor Size (kW) | L1: Poles | M1: Motor Eff | N1: VSD Eff | O1: Pump Eff | P1: NPSHR (m) | Q1: Pump Power Limitation (kW/m3/s) | R1: SS553 Power Limitation (kW/m3/s) | S1: Price | T1: Remarks | U1: Motor Input (Calculation)
A2: 0 | C2: =ROUND((B2 * $AA$6 * 1000) / ($X$5*$AA$2*$AA$3), 0) -> 0 | D2: =IFERROR(ROUNDUP((U2*$X$3*1000*$X$4*$X$2)/((C2/10^3)*$X$5*$AA$4),2),"") | F2: =((($X$5*$AA$4*(C2*0.001)*E2)/1000)/O2) -> #DIV/0! | G2: =F2/M2 -> #DIV/0! | H2: =G2/N2 -> #DIV/0! | I2: GIGA-I | M2: =INDEX('WEG Motor'!$B$3:$AZ$55, MATCH(K2,'WEG Motor'!$A$3:$A$55,0), MATCH(L2,'WEG Motor'!$B$2:$AZ$2,0))% -> #N/A | N2: 0.92 | Q2: =ROUNDUP(H2/(C2/10^3),2) -> #DIV/0! | R2: 301 | U2: =R2*(C2/10^3) -> 0 | W2: VSD | X2: 0.92 | Z2: △T | AA2: 7 | AC2: Rated Tonnage = Amount if heat needed to melt 1 ton of ice in 24 hrs
D3: =IFERROR(ROUNDUP((U3*$X$3*1000*$X$4*$X$2)/((C2/10^3)*$X$5*$AA$4),2),"") | F3: =((($X$5*$AA$4*(C2*0.001)*E3)/1000)/O3) -> #DIV/0! | G3: =F3/M3 -> #DIV/0! | H3: =G3/N3 -> #DIV/0! | I3: GIGA-B | M3: =INDEX('WEG Motor'!$B$3:$AZ$55, MATCH(K3,'WEG Motor'!$A$3:$A$55,0), MATCH(L3,'WEG Motor'!$B$2:$AZ$2,0))% -> #N/A | N3: 0.92 | Q3: =ROUNDUP(H3/(C2/10^3),2) -> #DIV/0! | U3: =R2*(C2/10^3) -> 0 | W3: Motor | X3: 0.94 | Z3: Specific Heat | AA3: 4.186
D4: =IFERROR(ROUNDUP((U4*$X$3*1000*$X$4*$X$2)/((C2/10^3)*$X$5*$AA$4),2),"") | F4: =((($X$5*$AA$4*(C2*0.001)*E4)/1000)/O4) -> #DIV/0! | G4: =F4/M4 -> #DIV/0! | H4: =G4/N4 -> #DIV/0! | I4: GIGA-N | M4: =INDEX('WEG Motor'!$B$3:$AZ$55, MATCH(K4,'WEG Motor'!$A$3:$A$55,0), MATCH(L4,'WEG Motor'!$B$2:$AZ$2,0))% -> #N/A | N4: 0.92 | Q4: =ROUNDUP(H4/(C2/10^3),2) -> #DIV/0! | U4: =R2*(C2/10^3) -> 0 | W4: Pump | X4: 0.8 | Z4: g | AA4: 9.81 | AC4: Pump Power limitation = Motor Input / Flowrate [m3/s]
D5: =IFERROR(ROUNDUP((U5*$X$3*1000*$X$4*$X$2)/((C2/10^3)*$X$5*$AA$4),2),"") | F5: =((($X$5*$AA$4*(C2*0.001)*E5)/1000)/O5) -> #DIV/0! | G5: =F5/M5 -> #DIV/0! | H5: =G5/N5 -> #DIV/0! | I5: GIGA-IC | M5: =INDEX('WEG Motor'!$B$3:$AZ$55, MATCH(K5,'WEG Motor'!$A$3:$A$55,0), MATCH(L5,'WEG Motor'!$B$2:$AZ$2,0))% -> #N/A | N5: 0.92 | Q5: =ROUNDUP(H5/(C2/10^3),2) -> #DIV/0! | U5: =R2*(C2/10^3) -> 0 | W5: Density | X5: 999.78 | Z5: RT | AA5: kW
D6: =IFERROR(ROUNDUP((U6*$X$3*1000*$X$4*$X$2)/((C2/10^3)*$X$5*$AA$4),2),"") | F6: =((($X$5*$AA$4*(C2*0.001)*E6)/1000)/O6) -> #DIV/0! | G6: =F6/M6 -> #DIV/0! | H6: =G6/N6 -> #DIV/0! | I6: SCP | M6: =INDEX('WEG Motor'!$B$3:$AZ$55, MATCH(K6,'WEG Motor'!$A$3:$A$55,0), MATCH(L6,'WEG Motor'!$B$2:$AZ$2,0))% -> #N/A | N6: 0.92 | Q6: =ROUNDUP(H6/(C2/10^3),2) -> #DIV/0! | U6: =R2*(C2/10^3) -> 0 | Z6: 1 | AA6: 3.517 | AC6: Rated Tonnage =( (Flowrate / 1000) * Density * Change in Temp * Specific Heat) / 3.517
D7: =IFERROR(ROUNDUP((U7*$X$3*1000*$X$4*$X$2)/((C2/10^3)*$X$5*$AA$4),2),"") | F7: =((($X$5*$AA$4*(C2*0.001)*E7)/1000)/O7) -> #DIV/0! | G7: =F7/M7 -> #DIV/0! | H7: =G7/N7 -> #DIV/0! | I7: SCP-V | M7: =INDEX('WEG Motor'!$B$3:$AZ$55, MATCH(K7,'WEG Motor'!$A$3:$A$55,0), MATCH(L7,'WEG Motor'!$B$2:$AZ$2,0))% -> #N/A | N7: 0.92 | Q7: =ROUNDUP(H7/(C2/10^3),2) -> #DIV/0! | U7: =R2*(C2/10^3) -> 0
A8: 1 | B8: 300 | C8: =ROUND((B8 * $AA$6 * 1000) / ($X$5*$AA$2*$AA$3), 0) -> 36 | D8: =IFERROR(ROUNDUP((U8*$X$3*1000*$X$4*$X$2)/((C8/10^3)*$X$5*$AA$4),2),"") -> 21.24 | E8: 20.5 | F8: =((($X$5*$AA$4*(C8*0.001)*E8)/1000)/O8) -> 8.9217148 | G8: =F8/M8 -> 9.761176 | H8: =G8/N8 -> 10.609974 | I8: GIGA-I | J8: Atmos GIGA-I 125/240-11/4-L1 EN | K8: 11 | L8: 4P | M8: =INDEX('WEG Motor'!$B$3:$AZ$55, MATCH(K8,'WEG Motor'!$A$3:$A$55,0), MATCH(L8,'WEG Motor'!$B$2:$AZ$2,0))% -> 0.914 | N8: 0.92 | O8: 0.8113 | P8: 1.726 | Q8: =ROUNDUP(H8/(C8/10^3),2) -> 294.73 | R8: 301 | U8: =R8*(C8/10^3) -> 10.836 | W8: VSD | X8: 0.92 | Z8: △T | AA8: 7 | AC8: Rated Tonnage = Amount if heat needed to melt 1 ton of ice in 24 hrs
D9: =IFERROR(ROUNDUP((U9*$X$3*1000*$X$4*$X$2)/((C8/10^3)*$X$5*$AA$4),2),"") -> 21.24 | E9: 21 | F9: =((($X$5*$AA$4*(C8*0.001)*E9)/1000)/O9) -> 8.9398703 | G9: =F9/M9 -> 9.7810397 | H9: =G9/N9 -> 10.631565 | I9: GIGA-B | J9: Atmos GIGA-B 100/240-11/4-L1 | K9: 11 | L9: 4P | M9: =INDEX('WEG Motor'!$B$3:$AZ$55, MATCH(K9,'WEG Motor'!$A$3:$A$55,0), MATCH(L9,'WEG Motor'!$B$2:$AZ$2,0))% -> 0.914 | N9: 0.92 | O9: 0.8294 | P9: 1.865 | Q9: =ROUNDUP(H9/(C8/10^3),2) -> 295.33 | U9: =R8*(C8/10^3) -> 10.836 | W9: Motor | X9: 0.94 | Z9: Specific Heat | AA9: 4.186
D10: =IFERROR(ROUNDUP((U10*$X$3*1000*$X$4*$X$2)/((C8/10^3)*$X$5*$AA$4),2),"") -> 21.24 | E10: 21 | F10: =((($X$5*$AA$4*(C8*0.001)*E10)/1000)/O10) -> 8.9398703 | G10: =F10/M10 -> 9.7810397 | H10: =G10/N10 -> 10.631565 | I10: GIGA-N | J10: Atmos GIGA-N 100/250-11/4-L1 | K10: 11 | L10: 4P | M10: =INDEX('WEG Motor'!$B$3:$AZ$55, MATCH(K10,'WEG Motor'!$A$3:$A$55,0), MATCH(L10,'WEG Motor'!$B$2:$AZ$2,0))% -> 0.914 | N10: 0.92 | O10: 0.8294 | P10: 1.865 | Q10: =ROUNDUP(H10/(C8/10^3),2) -> 295.33 | U10: =R8*(C8/10^3) -> 10.836 | W10: Pump | X10: 0.8 | Z10: g | AA10: 9.81 | AC10: Pump Power limitation = Motor Input / Flowrate [m3/s]
D11: =IFERROR(ROUNDUP((U11*$X$3*1000*$X$4*$X$2)/((C8/10^3)*$X$5*$AA$4),2),"") -> 21.24 | E11: 20.5 | F11: =((($X$5*$AA$4*(C8*0.001)*E11)/1000)/O11) -> 8.9217148 | G11: =F11/M11 -> 9.761176 | H11: =G11/N11 -> 10.609974 | I11: GIGA-IC | J11: Atmos GIGA-IC 125/250-11/4-L1-GB3 | K11: 11 | L11: 4P | M11: =INDEX('WEG Motor'!$B$3:$AZ$55, MATCH(K11,'WEG Motor'!$A$3:$A$55,0), MATCH(L11,'WEG Motor'!$B$2:$AZ$2,0))% -> 0.914 | N11: 0.92 | O11: 0.8113 | P11: 1.727 | Q11: =ROUNDUP(H11/(C8/10^3),2) -> 294.73 | U11: =R8*(C8/10^3) -> 10.836 | W11: Density | X11: 999.78 | Z11: RT | AA11: kW
D12: =IFERROR(ROUNDUP((U12*$X$3*1000*$X$4*$X$2)/((C8/10^3)*$X$5*$AA$4),2),"") -> 21.24 | E12: 21.5 | F12: =((($X$5*$AA$4*(C8*0.001)*E12)/1000)/O12) -> 8.949858 | G12: =F12/M12 -> 9.7919672 | H12: =G12/N12 -> 10.643443 | I12: SCP | J12: SCP-100-280-HA | K12: 11 | L12: 4P | M12: =INDEX('WEG Motor'!$B$3:$AZ$55, MATCH(K12,'WEG Motor'!$A$3:$A$55,0), MATCH(L12,'WEG Motor'!$B$2:$AZ$2,0))% -> 0.914 | N12: 0.92 | O12: 0.8482 | P12: 2.88 | Q12: =ROUNDUP(H12/(C8/10^3),2) -> 295.66 | U12: =R8*(C8/10^3) -> 10.836 | Z12: 1 | AA12: 3.517 | AC12: Rated Tonnage =( (Flowrate / 1000) * Density * Change in Temp * Specific Heat) / 3.517
D13: =IFERROR(ROUNDUP((U13*$X$3*1000*$X$4*$X$2)/((C8/10^3)*$X$5*$AA$4),2),"") -> 21.24 | E13: 21.5 | F13: =((($X$5*$AA$4*(C8*0.001)*E13)/1000)/O13) -> 8.949858 | G13: =F13/M13 -> 9.7919672 | H13: =G13/N13 -> 10.643443 | I13: SCP-V | J13: SCPV-100-280-HA | K13: 11 | L13: 4P | M13: =INDEX('WEG Motor'!$B$3:$AZ$55, MATCH(K13,'WEG Motor'!$A$3:$A$55,0), MATCH(L13,'WEG Motor'!$B$2:$AZ$2,0))% -> 0.914 | N13: 0.92 | O13: 0.8482 | P13: 2.88 | Q13: =ROUNDUP(H13/(C8/10^3),2) -> 295.66 | U13: =R8*(C8/10^3) -> 10.836
A14: 2 | B14: 350 | C14: =ROUND((B14 * $AA$6 * 1000) / ($X$5*$AA$2*$AA$3), 0) -> 42 | D14: =IFERROR(ROUNDUP((U14*$X$3*1000*$X$4*$X$2)/((C14/10^3)*$X$5*$AA$4),2),"") -> 21.24 | E14: 21 | F14: =((($X$5*$AA$4*(C14*0.001)*E14)/1000)/O14) -> 10.527585 | G14: =F14/M14 -> 11.430602 | H14: =G14/N14 -> 12.424568 | I14: GIGA-I | J14: Atmos GIGA-I 125/250-15/4-L1 EN | K14: 15 | L14: 4P | M14: =INDEX('WEG Motor'!$B$3:$AZ$55, MATCH(K14,'WEG Motor'!$A$3:$A$55,0), MATCH(L14,'WEG Motor'!$B$2:$AZ$2,0))% -> 0.921 | N14: 0.92 | O14: 0.8217 | P14: 1.989 | Q14: =ROUNDUP(H14/(C14/10^3),2) -> 295.83 | R14: 301 | U14: =R14*(C14/10^3) -> 12.642 | W14: VSD | X14: 0.92 | Z14: △T | AA14: 7 | AC14: Rated Tonnage = Amount if heat needed to melt 1 ton of ice in 24 hrs
D15: =IFERROR(ROUNDUP((U15*$X$3*1000*$X$4*$X$2)/((C14/10^3)*$X$5*$AA$4),2),"") -> 21.24 | E15: 21 | F15: =((($X$5*$AA$4*(C14*0.001)*E15)/1000)/O15) -> 10.476585 | G15: =F15/M15 -> 11.375228 | H15: =G15/N15 -> 12.364379 | I15: GIGA-B | J15: Atmos GIGA-B 100/250-15/4-L1 | K15: 15 | L15: 4P | M15: =INDEX('WEG Motor'!$B$3:$AZ$55, MATCH(K15,'WEG Motor'!$A$3:$A$55,0), MATCH(L15,'WEG Motor'!$B$2:$AZ$2,0))% -> 0.921 | N15: 0.92 | O15: 0.8257 | P15: 2.032 | Q15: =ROUNDUP(H15/(C14/10^3),2) -> 294.39 | U15: =R14*(C14/10^3) -> 12.642 | W15: Motor | X15: 0.94 | Z15: Specific Heat | AA15: 4.186
D16: =IFERROR(ROUNDUP((U16*$X$3*1000*$X$4*$X$2)/((C14/10^3)*$X$5*$AA$4),2),"") -> 21.24 | E16: 21 | F16: =((($X$5*$AA$4*(C14*0.001)*E16)/1000)/O16) -> 10.476585 | G16: =F16/M16 -> 11.375228 | H16: =G16/N16 -> 12.364379 | I16: GIGA-N | J16: Atmos GIGA-N 100/250-15/4-L1 | K16: 15 | L16: 4P | M16: =INDEX('WEG Motor'!$B$3:$AZ$55, MATCH(K16,'WEG Motor'!$A$3:$A$55,0), MATCH(L16,'WEG Motor'!$B$2:$AZ$2,0))% -> 0.921 | N16: 0.92 | O16: 0.8257 | P16: 2.032 | Q16: =ROUNDUP(H16/(C14/10^3),2) -> 294.39 | U16: =R14*(C14/10^3) -> 12.642 | W16: Pump | X16: 0.8 | Z16: g | AA16: 9.81 | AC16: Pump Power limitation = Motor Input / Flowrate [m3/s]
D17: =IFERROR(ROUNDUP((U17*$X$3*1000*$X$4*$X$2)/((C14/10^3)*$X$5*$AA$4),2),"") -> 21.24 | E17: 21 | F17: =((($X$5*$AA$4*(C14*0.001)*E17)/1000)/O17) -> 10.535278 | G17: =F17/M17 -> 11.438955 | H17: =G17/N17 -> 12.433647 | I17: GIGA-IC | J17: Atmos GIGA-IC 125/250-15/4-L1-GB3 | K17: 15 | L17: 4P | M17: =INDEX('WEG Motor'!$B$3:$AZ$55, MATCH(K17,'WEG Motor'!$A$3:$A$55,0), MATCH(L17,'WEG Motor'!$B$2:$AZ$2,0))% -> 0.921 | N17: 0.92 | O17: 0.8211 | P17: 2.043 | Q17: =ROUNDUP(H17/(C14/10^3),2) -> 296.04 | U17: =R14*(C14/10^3) -> 12.642 | W17: Density | X17: 999.78 | Z17: RT | AA17: kW
D18: =IFERROR(ROUNDUP((U18*$X$3*1000*$X$4*$X$2)/((C14/10^3)*$X$5*$AA$4),2),"") -> 21.24 | E18: 21.5 | F18: =((($X$5*$AA$4*(C14*0.001)*E18)/1000)/O18) -> 10.553481 | G18: =F18/M18 -> 11.45872 | H18: =G18/N18 -> 12.45513 | I18: SCP | J18: SCP-100-280-HA | K18: 15 | L18: 4P | M18: =INDEX('WEG Motor'!$B$3:$AZ$55, MATCH(K18,'WEG Motor'!$A$3:$A$55,0), MATCH(L18,'WEG Motor'!$B$2:$AZ$2,0))% -> 0.921 | N18: 0.92 | O18: 0.8392 | P18: 3.01 | Q18: =ROUNDUP(H18/(C14/10^3),2) -> 296.56 | U18: =R14*(C14/10^3) -> 12.642 | Z18: 1 | AA18: 3.517 | AC18: Rated Tonnage =( (Flowrate / 1000) * Density * Change in Temp * Specific Heat) / 3.517
D19: =IFERROR(ROUNDUP((U19*$X$3*1000*$X$4*$X$2)/((C14/10^3)*$X$5*$AA$4),2),"") -> 21.24 | E19: 21.5 | F19: =((($X$5*$AA$4*(C14*0.001)*E19)/1000)/O19) -> 10.553481 | G19: =F19/M19 -> 11.45872 | H19: =G19/N19 -> 12.45513 | I19: SCP-V | J19: SCPV-100-280-HA | K19: 15 | L19: 4P | M19: =INDEX('WEG Motor'!$B$3:$AZ$55, MATCH(K19,'WEG Motor'!$A$3:$A$55,0), MATCH(L19,'WEG Motor'!$B$2:$AZ$2,0))% -> 0.921 | N19: 0.92 | O19: 0.8392 | P19: 3.01 | Q19: =ROUNDUP(H19/(C14/10^3),2) -> 296.56 | U19: =R14*(C14/10^3) -> 12.642
A20: 3 | B20: 400 | C20: =ROUND((B20 * $AA$6 * 1000) / ($X$5*$AA$2*$AA$3), 0) -> 48 | D20: =IFERROR(ROUNDUP((U20*$X$3*1000*$X$4*$X$2)/((C20/10^3)*$X$5*$AA$4),2),"") -> 21.24 | E20: 21 | F20: =((($X$5*$AA$4*(C20*0.001)*E20)/1000)/O20) -> 12.008143 | G20: =F20/M20 -> 13.038158 | H20: =G20/N20 -> 14.171911 | I20: GIGA-I | J20: Atmos GIGA-I 125/250-15/4-L1 EN | K20: 15 | L20: 4P | M20: =INDEX('WEG Motor'!$B$3:$AZ$55, MATCH(K20,'WEG Motor'!$A$3:$A$55,0), MATCH(L20,'WEG Motor'!$B$2:$AZ$2,0))% -> 0.921 | N20: 0.92 | O20: 0.8233 | P20: 2.403 | Q20: =ROUNDUP(H20/(C20/10^3),2) -> 295.25 | R20: 301 | U20: =R20*(C20/10^3) -> 14.448 | W20: VSD | X20: 0.92 | Z20: △T | AA20: 7 | AC20: Rated Tonnage = Amount if heat needed to melt 1 ton of ice in 24 hrs
D21: =IFERROR(ROUNDUP((U21*$X$3*1000*$X$4*$X$2)/((C20/10^3)*$X$5*$AA$4),2),"") -> 21.24 | E21: 21 | F21: =((($X$5*$AA$4*(C20*0.001)*E21)/1000)/O21) -> 12.230984 | G21: =F21/M21 -> 13.280113 | H21: =G21/N21 -> 14.434906 | I21: GIGA-B | J21: Atmos GIGA-B 125/230-15/4-L1 | K21: 15 | L21: 4P | M21: =INDEX('WEG Motor'!$B$3:$AZ$55, MATCH(K21,'WEG Motor'!$A$3:$A$55,0), MATCH(L21,'WEG Motor'!$B$2:$AZ$2,0))% -> 0.921 | N21: 0.92 | O21: 0.8083 | P21: 2.55 | Q21: =ROUNDUP(H21/(C20/10^3),2) -> 300.73 | U21: =R20*(C20/10^3) -> 14.448 | W21: Motor | X21: 0.94 | Z21: Specific Heat | AA21: 4.186
D22: =IFERROR(ROUNDUP((U22*$X$3*1000*$X$4*$X$2)/((C20/10^3)*$X$5*$AA$4),2),"") -> 21.24 | E22: 21 | F22: =((($X$5*$AA$4*(C20*0.001)*E22)/1000)/O22) -> 12.230984 | G22: =F22/M22 -> 13.280113 | H22: =G22/N22 -> 14.434906 | I22: GIGA-N | J22: Atmos GIGA-N 125/250-15/4-L1 | K22: 15 | L22: 4P | M22: =INDEX('WEG Motor'!$B$3:$AZ$55, MATCH(K22,'WEG Motor'!$A$3:$A$55,0), MATCH(L22,'WEG Motor'!$B$2:$AZ$2,0))% -> 0.921 | N22: 0.92 | O22: 0.8083 | P22: 2.55 | Q22: =ROUNDUP(H22/(C20/10^3),2) -> 300.73 | U22: =R20*(C20/10^3) -> 14.448 | W22: Pump | X22: 0.8 | Z22: g | AA22: 9.81 | AC22: Pump Power limitation = Motor Input / Flowrate [m3/s]
D23: =IFERROR(ROUNDUP((U23*$X$3*1000*$X$4*$X$2)/((C20/10^3)*$X$5*$AA$4),2),"") -> 21.24 | E23: 21 | F23: =((($X$5*$AA$4*(C20*0.001)*E23)/1000)/O23) -> 12.148322 | G23: =F23/M23 -> 13.190361 | H23: =G23/N23 -> 14.337348 | I23: GIGA-IC | J23: Atmos GIGA-IC 150/250-15/4-L1-GB3 | K23: 15 | L23: 4P | M23: =INDEX('WEG Motor'!$B$3:$AZ$55, MATCH(K23,'WEG Motor'!$A$3:$A$55,0), MATCH(L23,'WEG Motor'!$B$2:$AZ$2,0))% -> 0.921 | N23: 0.92 | O23: 0.8138 | P23: 2.972 | Q23: =ROUNDUP(H23/(C20/10^3),2) -> 298.7 | U23: =R20*(C20/10^3) -> 14.448 | W23: Density | X23: 999.78 | Z23: RT | AA23: kW
D24: =IFERROR(ROUNDUP((U24*$X$3*1000*$X$4*$X$2)/((C20/10^3)*$X$5*$AA$4),2),"") -> 21.24 | E24: 21.5 | F24: =((($X$5*$AA$4*(C20*0.001)*E24)/1000)/O24) -> 12.193341 | G24: =F24/M24 -> 13.239242 | H24: =G24/N24 -> 14.39048 | I24: SCP | J24: SCP-125-290-HA | K24: 15 | L24: 4P | M24: =INDEX('WEG Motor'!$B$3:$AZ$55, MATCH(K24,'WEG Motor'!$A$3:$A$55,0), MATCH(L24,'WEG Motor'!$B$2:$AZ$2,0))% -> 0.921 | N24: 0.92 | O24: 0.8301 | P24: 2.86 | Q24: =ROUNDUP(H24/(C20/10^3),2) -> 299.81 | U24: =R20*(C20/10^3) -> 14.448 | Z24: 1 | AA24: 3.517 | AC24: Rated Tonnage =( (Flowrate / 1000) * Density * Change in Temp * Specific Heat) / 3.517
D25: =IFERROR(ROUNDUP((U25*$X$3*1000*$X$4*$X$2)/((C20/10^3)*$X$5*$AA$4),2),"") -> 21.24 | E25: 21.5 | F25: =((($X$5*$AA$4*(C20*0.001)*E25)/1000)/O25) -> 12.193341 | G25: =F25/M25 -> 13.239242 | H25: =G25/N25 -> 14.39048 | I25: SCP-V | J25: SCPV-125-290-HA | K25: 15 | L25: 4P | M25: =INDEX('WEG Motor'!$B$3:$AZ$55, MATCH(K25,'WEG Motor'!$A$3:$A$55,0), MATCH(L25,'WEG Motor'!$B$2:$AZ$2,0))% -> 0.921 | N25: 0.92 | O25: 0.8301 | P25: 2.86 | Q25: =ROUNDUP(H25/(C20/10^3),2) -> 299.81 | U25: =R20*(C20/10^3) -> 14.448
A26: 4 | B26: 450 | C26: =ROUND((B26 * $AA$6 * 1000) / ($X$5*$AA$2*$AA$3), 0) -> 54 | D26: =IFERROR(ROUNDUP((U26*$X$3*1000*$X$4*$X$2)/((C26/10^3)*$X$5*$AA$4),2),"") -> 21.24 | E26: 21.5 | F26: =((($X$5*$AA$4*(C26*0.001)*E26)/1000)/O26) -> 13.554225 | G26: =F26/M26 -> 14.637392 | H26: =G26/N26 -> 15.910209 | I26: GIGA-I | J26: Atmos GIGA-I 150/240-18.5/4-L1 EN | K26: 18.5 | L26: 4P | M26: =INDEX('WEG Motor'!$B$3:$AZ$55, MATCH(K26,'WEG Motor'!$A$3:$A$55,0), MATCH(L26,'WEG Motor'!$B$2:$AZ$2,0))% -> 0.926 | N26: 0.92 | O26: 0.8401 | P26: 2.887 | Q26: =ROUNDUP(H26/(C26/10^3),2) -> 294.64 | R26: 301 | U26: =R26*(C26/10^3) -> 16.254 | W26: VSD | X26: 0.92 | Z26: △T | AA26: 7 | AC26: Rated Tonnage = Amount if heat needed to melt 1 ton of ice in 24 hrs
D27: =IFERROR(ROUNDUP((U27*$X$3*1000*$X$4*$X$2)/((C26/10^3)*$X$5*$AA$4),2),"") -> 21.24 | E27: 21.5 | F27: =((($X$5*$AA$4*(C26*0.001)*E27)/1000)/O27) -> 13.604426 | G27: =F27/M27 -> 14.691604 | H27: =G27/N27 -> 15.969135 | I27: GIGA-B | J27: Atmos GIGA-B 125/240-18.5/4-L1 | K27: 18.5 | L27: 4P | M27: =INDEX('WEG Motor'!$B$3:$AZ$55, MATCH(K27,'WEG Motor'!$A$3:$A$55,0), MATCH(L27,'WEG Motor'!$B$2:$AZ$2,0))% -> 0.926 | N27: 0.92 | O27: 0.837 | P27: 2.569 | Q27: =ROUNDUP(H27/(C26/10^3),2) -> 295.73 | U27: =R26*(C26/10^3) -> 16.254 | W27: Motor | X27: 0.94 | Z27: Specific Heat | AA27: 4.186
D28: =IFERROR(ROUNDUP((U28*$X$3*1000*$X$4*$X$2)/((C26/10^3)*$X$5*$AA$4),2),"") -> 21.24 | E28: 21.5 | F28: =((($X$5*$AA$4*(C26*0.001)*E28)/1000)/O28) -> 13.604426 | G28: =F28/M28 -> 14.691604 | H28: =G28/N28 -> 15.969135 | I28: GIGA-N | J28: Atmos GIGA-N 125/250-18.5/4-L1 | K28: 18.5 | L28: 4P | M28: =INDEX('WEG Motor'!$B$3:$AZ$55, MATCH(K28,'WEG Motor'!$A$3:$A$55,0), MATCH(L28,'WEG Motor'!$B$2:$AZ$2,0))% -> 0.926 | N28: 0.92 | O28: 0.837 | P28: 2.569 | Q28: =ROUNDUP(H28/(C26/10^3),2) -> 295.73 | U28: =R26*(C26/10^3) -> 16.254 | W28: Pump | X28: 0.8 | Z28: g | AA28: 9.81 | AC28: Pump Power limitation = Motor Input / Flowrate [m3/s]
D29: =IFERROR(ROUNDUP((U29*$X$3*1000*$X$4*$X$2)/((C26/10^3)*$X$5*$AA$4),2),"") -> 21.24 | E29: 21.5 | F29: =((($X$5*$AA$4*(C26*0.001)*E29)/1000)/O29) -> 13.643547 | G29: =F29/M29 -> 14.733852 | H29: =G29/N29 -> 16.015057 | I29: GIGA-IC | J29: Atmos GIGA-IC 150/250-18.5/4-L1-GB3 | K29: 18.5 | L29: 4P | M29: =INDEX('WEG Motor'!$B$3:$AZ$55, MATCH(K29,'WEG Motor'!$A$3:$A$55,0), MATCH(L29,'WEG Motor'!$B$2:$AZ$2,0))% -> 0.926 | N29: 0.92 | O29: 0.8346 | P29: 2.985 | Q29: =ROUNDUP(H29/(C26/10^3),2) -> 296.58 | U29: =R26*(C26/10^3) -> 16.254 | W29: Density | X29: 999.78 | Z29: RT | AA29: kW
D30: =IFERROR(ROUNDUP((U30*$X$3*1000*$X$4*$X$2)/((C26/10^3)*$X$5*$AA$4),2),"") -> 21.24 | E30: 21.5 | F30: =((($X$5*$AA$4*(C26*0.001)*E30)/1000)/O30) -> 13.530067 | G30: =F30/M30 -> 14.690626 | H30: =G30/N30 -> 15.968072 | I30: SCP | J30: SCP-125-290-HA | K30: 15 | L30: 4P | M30: =INDEX('WEG Motor'!$B$3:$AZ$55, MATCH(K30,'WEG Motor'!$A$3:$A$55,0), MATCH(L30,'WEG Motor'!$B$2:$AZ$2,0))% -> 0.921 | N30: 0.92 | O30: 0.8416 | P30: 2.94 | Q30: =ROUNDUP(H30/(C26/10^3),2) -> 295.71 | U30: =R26*(C26/10^3) -> 16.254 | Z30: 1 | AA30: 3.517 | AC30: Rated Tonnage =( (Flowrate / 1000) * Density * Change in Temp * Specific Heat) / 3.517
D31: =IFERROR(ROUNDUP((U31*$X$3*1000*$X$4*$X$2)/((C26/10^3)*$X$5*$AA$4),2),"") -> 21.24 | E31: 21.5 | F31: =((($X$5*$AA$4*(C26*0.001)*E31)/1000)/O31) -> 13.530067 | G31: =F31/M31 -> 14.690626 | H31: =G31/N31 -> 15.968072 | I31: SCP-V | J31: SCPV-125-290-HA | K31: 15 | L31: 4P | M31: =INDEX('WEG Motor'!$B$3:$AZ$55, MATCH(K31,'WEG Motor'!$A$3:$A$55,0), MATCH(L31,'WEG Motor'!$B$2:$AZ$2,0))% -> 0.921 | N31: 0.92 | O31: 0.8416 | P31: 2.94 | Q31: =ROUNDUP(H31/(C26/10^3),2) -> 295.71 | U31: =R26*(C26/10^3) -> 16.254
A32: 5 | B32: 500 | C32: =ROUND((B32 * $AA$6 * 1000) / ($X$5*$AA$2*$AA$3), 0) -> 60 | D32: =IFERROR(ROUNDUP((U32*$X$3*1000*$X$4*$X$2)/((C32/10^3)*$X$5*$AA$4),2),"") -> 21.24 | E32: 21.5 | F32: =((($X$5*$AA$4*(C32*0.001)*E32)/1000)/O32) -> 14.895357 | G32: =F32/M32 -> 16.085698 | H32: =G32/N32 -> 17.484455 | I32: GIGA-I | J32: Atmos GIGA-I 150/240-18.5/4-L1 EN | K32: 18.5 | L32: 4P | M32: =INDEX('WEG Motor'!$B$3:$AZ$55, MATCH(K32,'WEG Motor'!$A$3:$A$55,0), MATCH(L32,'WEG Motor'!$B$2:$AZ$2,0))% -> 0.926 | N32: 0.92 | O32: 0.8494 | P32: 3 | Q32: =ROUNDUP(H32/(C32/10^3),2) -> 291.41 | R32: 301 | U32: =R32*(C32/10^3) -> 18.06 | W32: VSD | X32: 0.92 | Z32: △T | AA32: 7 | AC32: Rated Tonnage = Amount if heat needed to melt 1 ton of ice in 24 hrs
D33: =IFERROR(ROUNDUP((U33*$X$3*1000*$X$4*$X$2)/((C32/10^3)*$X$5*$AA$4),2),"") -> 21.24 | E33: 22 | F33: =((($X$5*$AA$4*(C32*0.001)*E33)/1000)/O33) -> 15.067913 | G33: =F33/M33 -> 16.272045 | H33: =G33/N33 -> 17.687005 | I33: GIGA-B | J33: Atmos GIGA-B 125/240-18.5/4-L1 | K33: 18.5 | L33: 4P | M33: =INDEX('WEG Motor'!$B$3:$AZ$55, MATCH(K33,'WEG Motor'!$A$3:$A$55,0), MATCH(L33,'WEG Motor'!$B$2:$AZ$2,0))% -> 0.926 | N33: 0.92 | O33: 0.8592 | P33: 2.602 | Q33: =ROUNDUP(H33/(C32/10^3),2) -> 294.79 | U33: =R32*(C32/10^3) -> 18.06 | W33: Motor | X33: 0.94 | Z33: Specific Heat | AA33: 4.186
D34: =IFERROR(ROUNDUP((U34*$X$3*1000*$X$4*$X$2)/((C32/10^3)*$X$5*$AA$4),2),"") -> 21.24 | E34: 22 | F34: =((($X$5*$AA$4*(C32*0.001)*E34)/1000)/O34) -> 15.067913 | G34: =F34/M34 -> 16.272045 | H34: =G34/N34 -> 17.687005 | I34: GIGA-N | J34: Atmos GIGA-N 125/250-18.5/4-L1 | K34: 18.5 | L34: 4P | M34: =INDEX('WEG Motor'!$B$3:$AZ$55, MATCH(K34,'WEG Motor'!$A$3:$A$55,0), MATCH(L34,'WEG Motor'!$B$2:$AZ$2,0))% -> 0.926 | N34: 0.92 | O34: 0.8592 | P34: 2.602 | Q34: =ROUNDUP(H34/(C32/10^3),2) -> 294.79 | U34: =R32*(C32/10^3) -> 18.06 | W34: Pump | X34: 0.8 | Z34: g | AA34: 9.81 | AC34: Pump Power limitation = Motor Input / Flowrate [m3/s]
D35: =IFERROR(ROUNDUP((U35*$X$3*1000*$X$4*$X$2)/((C32/10^3)*$X$5*$AA$4),2),"") -> 21.24 | E35: 22 | F35: =((($X$5*$AA$4*(C32*0.001)*E35)/1000)/O35) -> 15.266924 | G35: =F35/M35 -> 16.486958 | H35: =G35/N35 -> 17.920607 | I35: GIGA-IC | J35: Atmos GIGA-IC 150/250-18.5/4-L1-GB3 | K35: 18.5 | L35: 4P | M35: =INDEX('WEG Motor'!$B$3:$AZ$55, MATCH(K35,'WEG Motor'!$A$3:$A$55,0), MATCH(L35,'WEG Motor'!$B$2:$AZ$2,0))% -> 0.926 | N35: 0.92 | O35: 0.848 | P35: 3.027 | Q35: =ROUNDUP(H35/(C32/10^3),2) -> 298.68 | U35: =R32*(C32/10^3) -> 18.06 | W35: Density | X35: 999.78 | Z35: RT | AA35: kW
D36: =IFERROR(ROUNDUP((U36*$X$3*1000*$X$4*$X$2)/((C32/10^3)*$X$5*$AA$4),2),"") -> 21.24 | E36: 22 | F36: =((($X$5*$AA$4*(C32*0.001)*E36)/1000)/O36) -> 15.29217 | G36: =F36/M36 -> 16.514223 | H36: =G36/N36 -> 17.950242 | I36: SCP | J36: SCP-125-290-HA | K36: 18.5 | L36: 4P | M36: =INDEX('WEG Motor'!$B$3:$AZ$55, MATCH(K36,'WEG Motor'!$A$3:$A$55,0), MATCH(L36,'WEG Motor'!$B$2:$AZ$2,0))% -> 0.926 | N36: 0.92 | O36: 0.8466 | P36: 3.04 | Q36: =ROUNDUP(H36/(C32/10^3),2) -> 299.18 | T36: Pump offer is running at the maximum impeller size. | U36: =R32*(C32/10^3) -> 18.06 | Z36: 1 | AA36: 3.517 | AC36: Rated Tonnage =( (Flowrate / 1000) * Density * Change in Temp * Specific Heat) / 3.517
D37: =IFERROR(ROUNDUP((U37*$X$3*1000*$X$4*$X$2)/((C32/10^3)*$X$5*$AA$4),2),"") -> 21.24 | E37: 22 | F37: =((($X$5*$AA$4*(C32*0.001)*E37)/1000)/O37) -> 15.29217 | G37: =F37/M37 -> 16.514223 | H37: =G37/N37 -> 17.950242 | I37: SCP-V | J37: SCPV-125-290-HA | K37: 18.5 | L37: 4P | M37: =INDEX('WEG Motor'!$B$3:$AZ$55, MATCH(K37,'WEG Motor'!$A$3:$A$55,0), MATCH(L37,'WEG Motor'!$B$2:$AZ$2,0))% -> 0.926 | N37: 0.92 | O37: 0.8466 | P37: 3.04 | Q37: =ROUNDUP(H37/(C32/10^3),2) -> 299.18 | T37: Pump offer is running at the maximum impeller size. | U37: =R32*(C32/10^3) -> 18.06
A38: 6 | B38: 550 | C38: =ROUND((B38 * $AA$6 * 1000) / ($X$5*$AA$2*$AA$3), 0) -> 66 | D38: =IFERROR(ROUNDUP((U38*$X$3*1000*$X$4*$X$2)/((C38/10^3)*$X$5*$AA$4),2),"") -> 21.24 | E38: 22 | F38: =((($X$5*$AA$4*(C38*0.001)*E38)/1000)/O38) -> 16.775811 | G38: =F38/M38 -> 18.019131 | H38: =G38/N38 -> 19.586012 | I38: GIGA-I | J38: Atmos GIGA-I 150/250-22/4-L1 EN | K38: 22 | L38: 4P | M38: =INDEX('WEG Motor'!$B$3:$AZ$55, MATCH(K38,'WEG Motor'!$A$3:$A$55,0), MATCH(L38,'WEG Motor'!$B$2:$AZ$2,0))% -> 0.931 | N38: 0.92 | O38: 0.8489 | P38: 3.007 | Q38: =ROUNDUP(H38/(C38/10^3),2) -> 296.76 | R38: 301 | U38: =R38*(C38/10^3) -> 19.866 | W38: VSD | X38: 0.92 | Z38: △T | AA38: 7 | AC38: Rated Tonnage = Amount if heat needed to melt 1 ton of ice in 24 hrs
D39: =IFERROR(ROUNDUP((U39*$X$3*1000*$X$4*$X$2)/((C38/10^3)*$X$5*$AA$4),2),"") -> 21.24 | E39: 22.5 | F39: =((($X$5*$AA$4*(C38*0.001)*E39)/1000)/O39) -> 16.849427 | G39: =F39/M39 -> 18.098203 | H39: =G39/N39 -> 19.67196 | I39: GIGA-B | J39: Atmos GIGA-B 125/250-22/4-L1 | K39: 22 | L39: 4P | M39: =INDEX('WEG Motor'!$B$3:$AZ$55, MATCH(K39,'WEG Motor'!$A$3:$A$55,0), MATCH(L39,'WEG Motor'!$B$2:$AZ$2,0))% -> 0.931 | N39: 0.92 | O39: 0.8644 | P39: 2.662 | Q39: =ROUNDUP(H39/(C38/10^3),2) -> 298.07 | U39: =R38*(C38/10^3) -> 19.866 | W39: Motor | X39: 0.94 | Z39: Specific Heat | AA39: 4.186
D40: =IFERROR(ROUNDUP((U40*$X$3*1000*$X$4*$X$2)/((C38/10^3)*$X$5*$AA$4),2),"") -> 21.24 | E40: 22.5 | F40: =((($X$5*$AA$4*(C38*0.001)*E40)/1000)/O40) -> 16.849427 | G40: =F40/M40 -> 18.098203 | H40: =G40/N40 -> 19.67196 | I40: GIGA-N | J40: Atmos GIGA-N 125/250-22/4-L1 | K40: 22 | L40: 4P | M40: =INDEX('WEG Motor'!$B$3:$AZ$55, MATCH(K40,'WEG Motor'!$A$3:$A$55,0), MATCH(L40,'WEG Motor'!$B$2:$AZ$2,0))% -> 0.931 | N40: 0.92 | O40: 0.8644 | P40: 2.662 | Q40: =ROUNDUP(H40/(C38/10^3),2) -> 298.07 | U40: =R38*(C38/10^3) -> 19.866 | W40: Pump | X40: 0.8 | Z40: g | AA40: 9.81 | AC40: Pump Power limitation = Motor Input / Flowrate [m3/s]
D41: =IFERROR(ROUNDUP((U41*$X$3*1000*$X$4*$X$2)/((C38/10^3)*$X$5*$AA$4),2),"") -> 21.24 | E41: 22 | F41: =((($X$5*$AA$4*(C38*0.001)*E41)/1000)/O41) -> 16.742283 | G41: =F41/M41 -> 17.983119 | H41: =G41/N41 -> 19.546868 | I41: GIGA-IC | J41: Atmos GIGA-IC 150/250-22/4-L1-GB3 | K41: 22 | L41: 4P | M41: =INDEX('WEG Motor'!$B$3:$AZ$55, MATCH(K41,'WEG Motor'!$A$3:$A$55,0), MATCH(L41,'WEG Motor'!$B$2:$AZ$2,0))% -> 0.931 | N41: 0.92 | O41: 0.8506 | P41: 3.134 | Q41: =ROUNDUP(H41/(C38/10^3),2) -> 296.17 | U41: =R38*(C38/10^3) -> 19.866 | W41: Density | X41: 999.78 | Z41: RT | AA41: kW
D42: =IFERROR(ROUNDUP((U42*$X$3*1000*$X$4*$X$2)/((C38/10^3)*$X$5*$AA$4),2),"") -> 21.24 | E42: 21 | F42: =((($X$5*$AA$4*(C38*0.001)*E42)/1000)/O42) -> 16.718323 | G42: =F42/M42 -> 18.054345 | H42: =G42/N42 -> 19.624288 | I42: SCP | J42: SCP-125-330-HA | K42: 18.5 | L42: 4P | M42: =INDEX('WEG Motor'!$B$3:$AZ$55, MATCH(K42,'WEG Motor'!$A$3:$A$55,0), MATCH(L42,'WEG Motor'!$B$2:$AZ$2,0))% -> 0.926 | N42: 0.92 | O42: 0.8131 | P42: 4.45 | Q42: =ROUNDUP(H42/(C38/10^3),2) -> 297.34 | U42: =R38*(C38/10^3) -> 19.866 | Z42: 1 | AA42: 3.517 | AC42: Rated Tonnage =( (Flowrate / 1000) * Density * Change in Temp * Specific Heat) / 3.517
D43: =IFERROR(ROUNDUP((U43*$X$3*1000*$X$4*$X$2)/((C38/10^3)*$X$5*$AA$4),2),"") -> 21.24 | E43: 21 | F43: =((($X$5*$AA$4*(C38*0.001)*E43)/1000)/O43) -> 16.718323 | G43: =F43/M43 -> 18.054345 | H43: =G43/N43 -> 19.624288 | I43: SCP-V | J43: SCPV-125-330-HA | K43: 18.5 | L43: 4P | M43: =INDEX('WEG Motor'!$B$3:$AZ$55, MATCH(K43,'WEG Motor'!$A$3:$A$55,0), MATCH(L43,'WEG Motor'!$B$2:$AZ$2,0))% -> 0.926 | N43: 0.92 | O43: 0.8131 | P43: 4.45 | Q43: =ROUNDUP(H43/(C38/10^3),2) -> 297.34 | U43: =R38*(C38/10^3) -> 19.866
A44: 7 | B44: 600 | C44: =ROUND((B44 * $AA$6 * 1000) / ($X$5*$AA$2*$AA$3), 0) -> 72 | D44: =IFERROR(ROUNDUP((U44*$X$3*1000*$X$4*$X$2)/((C44/10^3)*$X$5*$AA$4),2),"") -> 21.24 | E44: 22 | F44: =((($X$5*$AA$4*(C44*0.001)*E44)/1000)/O44) -> 18.272902 | G44: =F44/M44 -> 19.627177 | H44: =G44/N44 -> 21.333888 | I44: GIGA-I | J44: Atmos GIGA-I 150/250-22/4-L1 EN | K44: 22 | L44: 4P | M44: =INDEX('WEG Motor'!$B$3:$AZ$55, MATCH(K44,'WEG Motor'!$A$3:$A$55,0), MATCH(L44,'WEG Motor'!$B$2:$AZ$2,0))% -> 0.931 | N44: 0.92 | O44: 0.8502 | P44: 3.251 | Q44: =ROUNDUP(H44/(C44/10^3),2) -> 296.31 | R44: 301 | U44: =R44*(C44/10^3) -> 21.672 | W44: VSD | X44: 0.92 | Z44: △T | AA44: 7 | AC44: Rated Tonnage = Amount if heat needed to melt 1 ton of ice in 24 hrs
D45: =IFERROR(ROUNDUP((U45*$X$3*1000*$X$4*$X$2)/((C44/10^3)*$X$5*$AA$4),2),"") -> 21.24 | E45: 22.5 | F45: =((($X$5*$AA$4*(C44*0.001)*E45)/1000)/O45) -> 18.315509 | G45: =F45/M45 -> 19.672942 | H45: =G45/N45 -> 21.383632 | I45: GIGA-B | J45: Atmos GIGA-B 125/250-22/4-L1 | K45: 22 | L45: 4P | M45: =INDEX('WEG Motor'!$B$3:$AZ$55, MATCH(K45,'WEG Motor'!$A$3:$A$55,0), MATCH(L45,'WEG Motor'!$B$2:$AZ$2,0))% -> 0.931 | N45: 0.92 | O45: 0.8675 | P45: 2.761 | Q45: =ROUNDUP(H45/(C44/10^3),2) -> 297 | U45: =R44*(C44/10^3) -> 21.672 | W45: Motor | X45: 0.94 | Z45: Specific Heat | AA45: 4.186
D46: =IFERROR(ROUNDUP((U46*$X$3*1000*$X$4*$X$2)/((C44/10^3)*$X$5*$AA$4),2),"") -> 21.24 | E46: 22.5 | F46: =((($X$5*$AA$4*(C44*0.001)*E46)/1000)/O46) -> 18.315509 | G46: =F46/M46 -> 19.672942 | H46: =G46/N46 -> 21.383632 | I46: GIGA-N | J46: Atmos GIGA-N 125/250-22/4-L1 | K46: 22 | L46: 4P | M46: =INDEX('WEG Motor'!$B$3:$AZ$55, MATCH(K46,'WEG Motor'!$A$3:$A$55,0), MATCH(L46,'WEG Motor'!$B$2:$AZ$2,0))% -> 0.931 | N46: 0.92 | O46: 0.8675 | P46: 2.761 | Q46: =ROUNDUP(H46/(C44/10^3),2) -> 297 | U46: =R44*(C44/10^3) -> 21.672 | W46: Pump | X46: 0.8 | Z46: g | AA46: 9.81 | AC46: Pump Power limitation = Motor Input / Flowrate [m3/s]
D47: =IFERROR(ROUNDUP((U47*$X$3*1000*$X$4*$X$2)/((C44/10^3)*$X$5*$AA$4),2),"") -> 21.24 | E47: 22 | F47: =((($X$5*$AA$4*(C44*0.001)*E47)/1000)/O47) -> 18.268605 | G47: =F47/M47 -> 19.622561 | H47: =G47/N47 -> 21.328871 | I47: GIGA-IC | J47: Atmos GIGA-IC 150/250-22/4-L1-GB3 | K47: 22 | L47: 4P | M47: =INDEX('WEG Motor'!$B$3:$AZ$55, MATCH(K47,'WEG Motor'!$A$3:$A$55,0), MATCH(L47,'WEG Motor'!$B$2:$AZ$2,0))% -> 0.931 | N47: 0.92 | O47: 0.8504 | P47: 3.312 | Q47: =ROUNDUP(H47/(C44/10^3),2) -> 296.24 | U47: =R44*(C44/10^3) -> 21.672 | W47: Density | X47: 999.78 | Z47: RT | AA47: kW
D48: =IFERROR(ROUNDUP((U48*$X$3*1000*$X$4*$X$2)/((C44/10^3)*$X$5*$AA$4),2),"") -> 21.24 | E48: 21 | F48: =((($X$5*$AA$4*(C44*0.001)*E48)/1000)/O48) -> 18.458373 | G48: =F48/M48 -> 19.826394 | H48: =G48/N48 -> 21.550428 | I48: SCP | J48: SCP-125-330-HA | K48: 22 | L48: 4P | M48: =INDEX('WEG Motor'!$B$3:$AZ$55, MATCH(K48,'WEG Motor'!$A$3:$A$55,0), MATCH(L48,'WEG Motor'!$B$2:$AZ$2,0))% -> 0.931 | N48: 0.92 | O48: 0.8034 | P48: 4.35 | Q48: =ROUNDUP(H48/(C44/10^3),2) -> 299.32 | U48: =R44*(C44/10^3) -> 21.672 | Z48: 1 | AA48: 3.517 | AC48: Rated Tonnage =( (Flowrate / 1000) * Density * Change in Temp * Specific Heat) / 3.517
D49: =IFERROR(ROUNDUP((U49*$X$3*1000*$X$4*$X$2)/((C44/10^3)*$X$5*$AA$4),2),"") -> 21.24 | E49: 21 | F49: =((($X$5*$AA$4*(C44*0.001)*E49)/1000)/O49) -> 18.458373 | G49: =F49/M49 -> 19.826394 | H49: =G49/N49 -> 21.550428 | I49: SCP-V | J49: SCPV-125-330-HA | K49: 22 | L49: 4P | M49: =INDEX('WEG Motor'!$B$3:$AZ$55, MATCH(K49,'WEG Motor'!$A$3:$A$55,0), MATCH(L49,'WEG Motor'!$B$2:$AZ$2,0))% -> 0.931 | N49: 0.92 | O49: 0.8034 | P49: 4.35 | Q49: =ROUNDUP(H49/(C44/10^3),2) -> 299.32 | U49: =R44*(C44/10^3) -> 21.672
A50: 8 | B50: 650 | C50: =ROUND((B50 * $AA$6 * 1000) / ($X$5*$AA$2*$AA$3), 0) -> 78 | D50: =IFERROR(ROUNDUP((U50*$X$3*1000*$X$4*$X$2)/((C50/10^3)*$X$5*$AA$4),2),"") -> 21.24 | E50: 21.5 | F50: =((($X$5*$AA$4*(C50*0.001)*E50)/1000)/O50) -> 19.400508 | G50: =F50/M50 -> 20.838354 | H50: =G50/N50 -> 22.650385 | I50: GIGA-I | J50: Atmos GIGA-I 150/250-22/4-L1 EN | K50: 22 | L50: 4P | M50: =INDEX('WEG Motor'!$B$3:$AZ$55, MATCH(K50,'WEG Motor'!$A$3:$A$55,0), MATCH(L50,'WEG Motor'!$B$2:$AZ$2,0))% -> 0.931 | N50: 0.92 | O50: 0.8478 | P50: 3.574 | Q50: =ROUNDUP(H50/(C50/10^3),2) -> 290.39 | R50: 301 | U50: =R50*(C50/10^3) -> 23.478 | W50: VSD | X50: 0.92 | Z50: △T | AA50: 7 | AC50: Rated Tonnage = Amount if heat needed to melt 1 ton of ice in 24 hrs
D51: =IFERROR(ROUNDUP((U51*$X$3*1000*$X$4*$X$2)/((C50/10^3)*$X$5*$AA$4),2),"") -> 21.24 | E51: 22 | F51: =((($X$5*$AA$4*(C50*0.001)*E51)/1000)/O51) -> 19.412061 | G51: =F51/M51 -> 20.850763 | H51: =G51/N51 -> 22.663873 | I51: GIGA-B | J51: Atmos GIGA-B 125/250-22/4-L1 | K51: 22 | L51: 4P | M51: =INDEX('WEG Motor'!$B$3:$AZ$55, MATCH(K51,'WEG Motor'!$A$3:$A$55,0), MATCH(L51,'WEG Motor'!$B$2:$AZ$2,0))% -> 0.931 | N51: 0.92 | O51: 0.867 | P51: 2.911 | Q51: =ROUNDUP(H51/(C50/10^3),2) -> 290.57 | U51: =R50*(C50/10^3) -> 23.478 | W51: Motor | X51: 0.94 | Z51: Specific Heat | AA51: 4.186
D52: =IFERROR(ROUNDUP((U52*$X$3*1000*$X$4*$X$2)/((C50/10^3)*$X$5*$AA$4),2),"") -> 21.24 | E52: 22 | F52: =((($X$5*$AA$4*(C50*0.001)*E52)/1000)/O52) -> 19.412061 | G52: =F52/M52 -> 20.850763 | H52: =G52/N52 -> 22.663873 | I52: GIGA-N | J52: Atmos GIGA-N 125/250-22/4-L1 | K52: 22 | L52: 4P | M52: =INDEX('WEG Motor'!$B$3:$AZ$55, MATCH(K52,'WEG Motor'!$A$3:$A$55,0), MATCH(L52,'WEG Motor'!$B$2:$AZ$2,0))% -> 0.931 | N52: 0.92 | O52: 0.867 | P52: 2.911 | Q52: =ROUNDUP(H52/(C50/10^3),2) -> 290.57 | U52: =R50*(C50/10^3) -> 23.478 | W52: Pump | X52: 0.8 | Z52: g | AA52: 9.81 | AC52: Pump Power limitation = Motor Input / Flowrate [m3/s]
D53: =IFERROR(ROUNDUP((U53*$X$3*1000*$X$4*$X$2)/((C50/10^3)*$X$5*$AA$4),2),"") -> 21.24 | E53: 21.5 | F53: =((($X$5*$AA$4*(C50*0.001)*E53)/1000)/O53) -> 19.402797 | G53: =F53/M53 -> 20.840813 | H53: =G53/N53 -> 22.653057 | I53: GIGA-IC | J53: Atmos GIGA-IC 150/250-22/4-L1-GB3 | K53: 22 | L53: 4P | M53: =INDEX('WEG Motor'!$B$3:$AZ$55, MATCH(K53,'WEG Motor'!$A$3:$A$55,0), MATCH(L53,'WEG Motor'!$B$2:$AZ$2,0))% -> 0.931 | N53: 0.92 | O53: 0.8477 | P53: 3.593 | Q53: =ROUNDUP(H53/(C50/10^3),2) -> 290.43 | U53: =R50*(C50/10^3) -> 23.478 | W53: Density | X53: 999.78 | Z53: RT | AA53: kW
D54: =IFERROR(ROUNDUP((U54*$X$3*1000*$X$4*$X$2)/((C50/10^3)*$X$5*$AA$4),2),"") -> 21.24 | E54: 21 | F54: =((($X$5*$AA$4*(C50*0.001)*E54)/1000)/O54) -> 19.758019 | G54: =F54/M54 -> 21.222361 | H54: =G54/N54 -> 23.067784 | I54: SCP | J54: SCP-150-290-HA | K54: 22 | L54: 4P | M54: =INDEX('WEG Motor'!$B$3:$AZ$55, MATCH(K54,'WEG Motor'!$A$3:$A$55,0), MATCH(L54,'WEG Motor'!$B$2:$AZ$2,0))% -> 0.931 | N54: 0.92 | O54: 0.8131 | P54: 3.94 | Q54: =ROUNDUP(H54/(C50/10^3),2) -> 295.75 | U54: =R50*(C50/10^3) -> 23.478 | Z54: 1 | AA54: 3.517 | AC54: Rated Tonnage =( (Flowrate / 1000) * Density * Change in Temp * Specific Heat) / 3.517
D55: =IFERROR(ROUNDUP((U55*$X$3*1000*$X$4*$X$2)/((C50/10^3)*$X$5*$AA$4),2),"") -> 21.24 | E55: 21 | F55: =((($X$5*$AA$4*(C50*0.001)*E55)/1000)/O55) -> 19.758019 | G55: =F55/M55 -> 21.222361 | H55: =G55/N55 -> 23.067784 | I55: SCP-V | J55: SCPV-150-290-HA | K55: 22 | L55: 4P | M55: =INDEX('WEG Motor'!$B$3:$AZ$55, MATCH(K55,'WEG Motor'!$A$3:$A$55,0), MATCH(L55,'WEG Motor'!$B$2:$AZ$2,0))% -> 0.931 | N55: 0.92 | O55: 0.8131 | P55: 3.94 | Q55: =ROUNDUP(H55/(C50/10^3),2) -> 295.75 | U55: =R50*(C50/10^3) -> 23.478
A56: 9 | B56: 700 | C56: =ROUND((B56 * $AA$6 * 1000) / ($X$5*$AA$2*$AA$3), 0) -> 84 | D56: =IFERROR(ROUNDUP((U56*$X$3*1000*$X$4*$X$2)/((C56/10^3)*$X$5*$AA$4),2),"") -> 21.24 | E56: 22 | F56: =((($X$5*$AA$4*(C56*0.001)*E56)/1000)/O56) -> 21.60297 | G56: =F56/M56 -> 23.080096 | H56: =G56/N56 -> 25.087061 | I56: GIGA-I | J56: Atmos GIGA-I 200/285-30/4-L1 EN | K56: 30 | L56: 4P | M56: =INDEX('WEG Motor'!$B$3:$AZ$55, MATCH(K56,'WEG Motor'!$A$3:$A$55,0), MATCH(L56,'WEG Motor'!$B$2:$AZ$2,0))% -> 0.936 | N56: 0.92 | O56: 0.839 | P56: 2.776 | Q56: =ROUNDUP(H56/(C56/10^3),2) -> 298.66 | R56: 301 | U56: =R56*(C56/10^3) -> 25.284 | W56: VSD | X56: 0.92 | Z56: △T | AA56: 7 | AC56: Rated Tonnage = Amount if heat needed to melt 1 ton of ice in 24 hrs
D57: =IFERROR(ROUNDUP((U57*$X$3*1000*$X$4*$X$2)/((C56/10^3)*$X$5*$AA$4),2),"") -> 21.24 | E57: 22 | F57: =((($X$5*$AA$4*(C56*0.001)*E57)/1000)/O57) -> 21.363616 | G57: =F57/M57 -> 22.824376 | H57: =G57/N57 -> 24.809104 | I57: GIGA-B | J57: Atmos GIGA-B 150/285-30/4-L1 | K57: 30 | L57: 4P | M57: =INDEX('WEG Motor'!$B$3:$AZ$55, MATCH(K57,'WEG Motor'!$A$3:$A$55,0), MATCH(L57,'WEG Motor'!$B$2:$AZ$2,0))% -> 0.936 | N57: 0.92 | O57: 0.8484 | P57: 3.118 | Q57: =ROUNDUP(H57/(C56/10^3),2) -> 295.35 | U57: =R56*(C56/10^3) -> 25.284 | W57: Motor | X57: 0.94 | Z57: Specific Heat | AA57: 4.186
D58: =IFERROR(ROUNDUP((U58*$X$3*1000*$X$4*$X$2)/((C56/10^3)*$X$5*$AA$4),2),"") -> 21.24 | E58: 22 | F58: =((($X$5*$AA$4*(C56*0.001)*E58)/1000)/O58) -> 21.363616 | G58: =F58/M58 -> 22.824376 | H58: =G58/N58 -> 24.809104 | I58: GIGA-N | J58: Atmos GIGA-N 150/315-30/4-L1 | K58: 30 | L58: 4P | M58: =INDEX('WEG Motor'!$B$3:$AZ$55, MATCH(K58,'WEG Motor'!$A$3:$A$55,0), MATCH(L58,'WEG Motor'!$B$2:$AZ$2,0))% -> 0.936 | N58: 0.92 | O58: 0.8484 | P58: 3.118 | Q58: =ROUNDUP(H58/(C56/10^3),2) -> 295.35 | U58: =R56*(C56/10^3) -> 25.284 | W58: Pump | X58: 0.8 | Z58: g | AA58: 9.81 | AC58: Pump Power limitation = Motor Input / Flowrate [m3/s]
D59: =IFERROR(ROUNDUP((U59*$X$3*1000*$X$4*$X$2)/((C56/10^3)*$X$5*$AA$4),2),"") -> 21.24 | E59: 21.5 | F59: =((($X$5*$AA$4*(C56*0.001)*E59)/1000)/O59) -> 21.39505 | G59: =F59/M59 -> 22.85796 | H59: =G59/N59 -> 24.845609 | I59: GIGA-IC | J59: Atmos GIGA-IC 200/315-30/4-L1-GB3 | K59: 30 | L59: 4P | M59: =INDEX('WEG Motor'!$B$3:$AZ$55, MATCH(K59,'WEG Motor'!$A$3:$A$55,0), MATCH(L59,'WEG Motor'!$B$2:$AZ$2,0))% -> 0.936 | N59: 0.92 | O59: 0.8279 | P59: 2.882 | Q59: =ROUNDUP(H59/(C56/10^3),2) -> 295.79 | U59: =R56*(C56/10^3) -> 25.284 | W59: Density | X59: 999.78 | Z59: RT | AA59: kW
D60: =IFERROR(ROUNDUP((U60*$X$3*1000*$X$4*$X$2)/((C56/10^3)*$X$5*$AA$4),2),"") -> 21.24 | E60: 22 | F60: =((($X$5*$AA$4*(C56*0.001)*E60)/1000)/O60) -> 21.792583 | G60: =F60/M60 -> 23.282675 | H60: =G60/N60 -> 25.307255 | I60: SCP | J60: SCP-150-290-HA | K60: 30 | L60: 4P | M60: =INDEX('WEG Motor'!$B$3:$AZ$55, MATCH(K60,'WEG Motor'!$A$3:$A$55,0), MATCH(L60,'WEG Motor'!$B$2:$AZ$2,0))% -> 0.936 | N60: 0.92 | O60: 0.8317 | P60: 3.81 | Q60: =ROUNDUP(H60/(C56/10^3),2) -> 301.28 | U60: =R56*(C56/10^3) -> 25.284 | Z60: 1 | AA60: 3.517 | AC60: Rated Tonnage =( (Flowrate / 1000) * Density * Change in Temp * Specific Heat) / 3.517
D61: =IFERROR(ROUNDUP((U61*$X$3*1000*$X$4*$X$2)/((C56/10^3)*$X$5*$AA$4),2),"") -> 21.24 | E61: 22 | F61: =((($X$5*$AA$4*(C56*0.001)*E61)/1000)/O61) -> 21.792583 | G61: =F61/M61 -> 23.282675 | H61: =G61/N61 -> 25.307255 | I61: SCP-V | J61: SCPV-150-290-HA | K61: 30 | L61: 4P | M61: =INDEX('WEG Motor'!$B$3:$AZ$55, MATCH(K61,'WEG Motor'!$A$3:$A$55,0), MATCH(L61,'WEG Motor'!$B$2:$AZ$2,0))% -> 0.936 | N61: 0.92 | O61: 0.8317 | P61: 3.81 | Q61: =ROUNDUP(H61/(C56/10^3),2) -> 301.28 | U61: =R56*(C56/10^3) -> 25.284
A62: 10 | B62: 750 | C62: =ROUND((B62 * $AA$6 * 1000) / ($X$5*$AA$2*$AA$3), 0) -> 90 | D62: =IFERROR(ROUNDUP((U62*$X$3*1000*$X$4*$X$2)/((C62/10^3)*$X$5*$AA$4),2),"") -> 21.24 | E62: 22 | F62: =((($X$5*$AA$4*(C62*0.001)*E62)/1000)/O62) -> 23.025287 | G62: =F62/M62 -> 24.599665 | H62: =G62/N62 -> 26.738767 | I62: GIGA-I | J62: Atmos GIGA-I 200/285-30/4-L1 EN | K62: 30 | L62: 4P | M62: =INDEX('WEG Motor'!$B$3:$AZ$55, MATCH(K62,'WEG Motor'!$A$3:$A$55,0), MATCH(L62,'WEG Motor'!$B$2:$AZ$2,0))% -> 0.936 | N62: 0.92 | O62: 0.8434 | P62: 3.007 | Q62: =ROUNDUP(H62/(C62/10^3),2) -> 297.1 | R62: 301 | U62: =R62*(C62/10^3) -> 27.09 | W62: VSD | X62: 0.92 | Z62: △T | AA62: 7 | AC62: Rated Tonnage = Amount if heat needed to melt 1 ton of ice in 24 hrs
D63: =IFERROR(ROUNDUP((U63*$X$3*1000*$X$4*$X$2)/((C62/10^3)*$X$5*$AA$4),2),"") -> 21.24 | E63: 22.5 | F63: =((($X$5*$AA$4*(C62*0.001)*E63)/1000)/O63) -> 23.183004 | G63: =F63/M63 -> 24.768167 | H63: =G63/N63 -> 26.92192 | I63: GIGA-B | J63: Atmos GIGA-B 150/285-30/4-L1 | K63: 30 | L63: 4P | M63: =INDEX('WEG Motor'!$B$3:$AZ$55, MATCH(K63,'WEG Motor'!$A$3:$A$55,0), MATCH(L63,'WEG Motor'!$B$2:$AZ$2,0))% -> 0.936 | N63: 0.92 | O63: 0.8567 | P63: 3.17 | Q63: =ROUNDUP(H63/(C62/10^3),2) -> 299.14 | U63: =R62*(C62/10^3) -> 27.09 | W63: Motor | X63: 0.94 | Z63: Specific Heat | AA63: 4.186
D64: =IFERROR(ROUNDUP((U64*$X$3*1000*$X$4*$X$2)/((C62/10^3)*$X$5*$AA$4),2),"") -> 21.24 | E64: 22.5 | F64: =((($X$5*$AA$4*(C62*0.001)*E64)/1000)/O64) -> 23.169482 | G64: =F64/M64 -> 24.75372 | H64: =G64/N64 -> 26.906217 | I64: GIGA-N | J64: Atmos GIGA-N 150/315-30/4-L1 | K64: 30 | L64: 4P | M64: =INDEX('WEG Motor'!$B$3:$AZ$55, MATCH(K64,'WEG Motor'!$A$3:$A$55,0), MATCH(L64,'WEG Motor'!$B$2:$AZ$2,0))% -> 0.936 | N64: 0.92 | O64: 0.8572 | P64: 3.17 | Q64: =ROUNDUP(H64/(C62/10^3),2) -> 298.96 | U64: =R62*(C62/10^3) -> 27.09 | W64: Pump | X64: 0.8 | Z64: g | AA64: 9.81 | AC64: Pump Power limitation = Motor Input / Flowrate [m3/s]
D65: =IFERROR(ROUNDUP((U65*$X$3*1000*$X$4*$X$2)/((C62/10^3)*$X$5*$AA$4),2),"") -> 21.24 | E65: 22 | F65: =((($X$5*$AA$4*(C62*0.001)*E65)/1000)/O65) -> 23.212439 | G65: =F65/M65 -> 24.799615 | H65: =G65/N65 -> 26.956103 | I65: GIGA-IC | J65: Atmos GIGA-IC 200/315-30/4-L1-GB3 | K65: 30 | L65: 4P | M65: =INDEX('WEG Motor'!$B$3:$AZ$55, MATCH(K65,'WEG Motor'!$A$3:$A$55,0), MATCH(L65,'WEG Motor'!$B$2:$AZ$2,0))% -> 0.936 | N65: 0.92 | O65: 0.8366 | P65: 3.08 | Q65: =ROUNDUP(H65/(C62/10^3),2) -> 299.52 | U65: =R62*(C62/10^3) -> 27.09 | W65: Density | X65: 999.78 | Z65: RT | AA65: kW
D66: =IFERROR(ROUNDUP((U66*$X$3*1000*$X$4*$X$2)/((C62/10^3)*$X$5*$AA$4),2),"") -> 21.24 | E66: 22 | F66: =((($X$5*$AA$4*(C62*0.001)*E66)/1000)/O66) -> 23.055356 | G66: =F66/M66 -> 24.631791 | H66: =G66/N66 -> 26.773686 | I66: SCP | J66: SCP-150-290-HA | K66: 30 | L66: 4P | M66: =INDEX('WEG Motor'!$B$3:$AZ$55, MATCH(K66,'WEG Motor'!$A$3:$A$55,0), MATCH(L66,'WEG Motor'!$B$2:$AZ$2,0))% -> 0.936 | N66: 0.92 | O66: 0.8423 | P66: 3.87 | Q66: =ROUNDUP(H66/(C62/10^3),2) -> 297.49 | U66: =R62*(C62/10^3) -> 27.09 | Z66: 1 | AA66: 3.517 | AC66: Rated Tonnage =( (Flowrate / 1000) * Density * Change in Temp * Specific Heat) / 3.517
D67: =IFERROR(ROUNDUP((U67*$X$3*1000*$X$4*$X$2)/((C62/10^3)*$X$5*$AA$4),2),"") -> 21.24 | E67: 22 | F67: =((($X$5*$AA$4*(C62*0.001)*E67)/1000)/O67) -> 23.055356 | G67: =F67/M67 -> 24.631791 | H67: =G67/N67 -> 26.773686 | I67: SCP-V | J67: SCPV-150-290-HA | K67: 30 | L67: 4P | M67: =INDEX('WEG Motor'!$B$3:$AZ$55, MATCH(K67,'WEG Motor'!$A$3:$A$55,0), MATCH(L67,'WEG Motor'!$B$2:$AZ$2,0))% -> 0.936 | N67: 0.92 | O67: 0.8423 | P67: 3.87 | Q67: =ROUNDUP(H67/(C62/10^3),2) -> 297.49 | U67: =R62*(C62/10^3) -> 27.09
A68: 11 | B68: 800 | C68: =ROUND((B68 * $AA$6 * 1000) / ($X$5*$AA$2*$AA$3), 0) -> 96 | D68: =IFERROR(ROUNDUP((U68*$X$3*1000*$X$4*$X$2)/((C68/10^3)*$X$5*$AA$4),2),"") -> 21.24 | E68: 22 | F68: =((($X$5*$AA$4*(C68*0.001)*E68)/1000)/O68) -> 24.508 | G68: =F68/M68 -> 26.183761 | H68: =G68/N68 -> 28.46061 | I68: GIGA-I | J68: Atmos GIGA-I 200/285-30/4-L1 EN | K68: 30 | L68: 4P | M68: =INDEX('WEG Motor'!$B$3:$AZ$55, MATCH(K68,'WEG Motor'!$A$3:$A$55,0), MATCH(L68,'WEG Motor'!$B$2:$AZ$2,0))% -> 0.936 | N68: 0.92 | O68: 0.8452 | P68: 3.258 | Q68: =ROUNDUP(H68/(C68/10^3),2) -> 296.47 | R68: 301 | U68: =R68*(C68/10^3) -> 28.896 | W68: VSD | X68: 0.92 | Z68: △T | AA68: 7 | AC68: Rated Tonnage = Amount if heat needed to melt 1 ton of ice in 24 hrs
D69: =IFERROR(ROUNDUP((U69*$X$3*1000*$X$4*$X$2)/((C68/10^3)*$X$5*$AA$4),2),"") -> 21.24 | E69: 22.5 | F69: =((($X$5*$AA$4*(C68*0.001)*E69)/1000)/O69) -> 24.545172 | G69: =F69/M69 -> 26.223475 | H69: =G69/N69 -> 28.503777 | I69: GIGA-B | J69: Atmos GIGA-B 150/285-30/4-L1 | K69: 30 | L69: 4P | M69: =INDEX('WEG Motor'!$B$3:$AZ$55, MATCH(K69,'WEG Motor'!$A$3:$A$55,0), MATCH(L69,'WEG Motor'!$B$2:$AZ$2,0))% -> 0.936 | N69: 0.92 | O69: 0.8631 | P69: 3.243 | Q69: =ROUNDUP(H69/(C68/10^3),2) -> 296.92 | U69: =R68*(C68/10^3) -> 28.896 | W69: Motor | X69: 0.94 | Z69: Specific Heat | AA69: 4.186
D70: =IFERROR(ROUNDUP((U70*$X$3*1000*$X$4*$X$2)/((C68/10^3)*$X$5*$AA$4),2),"") -> 21.24 | E70: 22.5 | F70: =((($X$5*$AA$4*(C68*0.001)*E70)/1000)/O70) -> 24.545172 | G70: =F70/M70 -> 26.223475 | H70: =G70/N70 -> 28.503777 | I70: GIGA-N | J70: Atmos GIGA-N 150/315-30/4-L1 | K70: 30 | L70: 4P | M70: =INDEX('WEG Motor'!$B$3:$AZ$55, MATCH(K70,'WEG Motor'!$A$3:$A$55,0), MATCH(L70,'WEG Motor'!$B$2:$AZ$2,0))% -> 0.936 | N70: 0.92 | O70: 0.8631 | P70: 3.243 | Q70: =ROUNDUP(H70/(C68/10^3),2) -> 296.92 | U70: =R68*(C68/10^3) -> 28.896 | W70: Pump | X70: 0.8 | Z70: g | AA70: 9.81 | AC70: Pump Power limitation = Motor Input / Flowrate [m3/s]
D71: =IFERROR(ROUNDUP((U71*$X$3*1000*$X$4*$X$2)/((C68/10^3)*$X$5*$AA$4),2),"") -> 21.24 | E71: 22 | F71: =((($X$5*$AA$4*(C68*0.001)*E71)/1000)/O71) -> 24.621612 | G71: =F71/M71 -> 26.305141 | H71: =G71/N71 -> 28.592544 | I71: GIGA-IC | J71: Atmos GIGA-IC 200/315-30/4-L1-GB3 | K71: 30 | L71: 4P | M71: =INDEX('WEG Motor'!$B$3:$AZ$55, MATCH(K71,'WEG Motor'!$A$3:$A$55,0), MATCH(L71,'WEG Motor'!$B$2:$AZ$2,0))% -> 0.936 | N71: 0.92 | O71: 0.8413 | P71: 3.301 | Q71: =ROUNDUP(H71/(C68/10^3),2) -> 297.84 | U71: =R68*(C68/10^3) -> 28.896 | W71: Density | X71: 999.78 | Z71: RT | AA71: kW
D72: =IFERROR(ROUNDUP((U72*$X$3*1000*$X$4*$X$2)/((C68/10^3)*$X$5*$AA$4),2),"") -> 21.24 | E72: 22 | F72: =((($X$5*$AA$4*(C68*0.001)*E72)/1000)/O72) -> 24.43284 | G72: =F72/M72 -> 26.103462 | H72: =G72/N72 -> 28.373328 | I72: SCP | J72: SCP-150-290-HA | K72: 30 | L72: 4P | M72: =INDEX('WEG Motor'!$B$3:$AZ$55, MATCH(K72,'WEG Motor'!$A$3:$A$55,0), MATCH(L72,'WEG Motor'!$B$2:$AZ$2,0))% -> 0.936 | N72: 0.92 | O72: 0.8478 | P72: 3.94 | Q72: =ROUNDUP(H72/(C68/10^3),2) -> 295.56 | U72: =R68*(C68/10^3) -> 28.896 | Z72: 1 | AA72: 3.517 | AC72: Rated Tonnage =( (Flowrate / 1000) * Density * Change in Temp * Specific Heat) / 3.517
D73: =IFERROR(ROUNDUP((U73*$X$3*1000*$X$4*$X$2)/((C68/10^3)*$X$5*$AA$4),2),"") -> 21.24 | E73: 22 | F73: =((($X$5*$AA$4*(C68*0.001)*E73)/1000)/O73) -> 24.43284 | G73: =F73/M73 -> 26.103462 | H73: =G73/N73 -> 28.373328 | I73: SCP-V | J73: SCPV-150-290-HA | K73: 30 | L73: 4P | M73: =INDEX('WEG Motor'!$B$3:$AZ$55, MATCH(K73,'WEG Motor'!$A$3:$A$55,0), MATCH(L73,'WEG Motor'!$B$2:$AZ$2,0))% -> 0.936 | N73: 0.92 | O73: 0.8478 | P73: 3.94 | Q73: =ROUNDUP(H73/(C68/10^3),2) -> 295.56 | U73: =R68*(C68/10^3) -> 28.896
A74: 12 | B74: 850 | C74: =ROUND((B74 * $AA$6 * 1000) / ($X$5*$AA$2*$AA$3), 0) -> 102 | D74: =IFERROR(ROUNDUP((U74*$X$3*1000*$X$4*$X$2)/((C74/10^3)*$X$5*$AA$4),2),"") -> 21.24 | E74: 22 | F74: =((($X$5*$AA$4*(C74*0.001)*E74)/1000)/O74) -> 26.05208 | G74: =F74/M74 -> 27.833419 | H74: =G74/N74 -> 30.253716 | I74: GIGA-I | J74: Atmos GIGA-I 200/285-30/4-L1 EN | K74: 30 | L74: 4P | M74: =INDEX('WEG Motor'!$B$3:$AZ$55, MATCH(K74,'WEG Motor'!$A$3:$A$55,0), MATCH(L74,'WEG Motor'!$B$2:$AZ$2,0))% -> 0.936 | N74: 0.92 | O74: 0.8448 | P74: 3.528 | Q74: =ROUNDUP(H74/(C74/10^3),2) -> 296.61 | R74: 301 | U74: =R74*(C74/10^3) -> 30.702 | W74: VSD | X74: 0.92 | Z74: △T | AA74: 7 | AC74: Rated Tonnage = Amount if heat needed to melt 1 ton of ice in 24 hrs
D75: =IFERROR(ROUNDUP((U75*$X$3*1000*$X$4*$X$2)/((C74/10^3)*$X$5*$AA$4),2),"") -> 21.24 | E75: 22.5 | F75: =((($X$5*$AA$4*(C74*0.001)*E75)/1000)/O75) -> 25.973918 | G75: =F75/M75 -> 27.749912 | H75: =G75/N75 -> 30.162948 | I75: GIGA-B | J75: Atmos GIGA-B 150/285-30/4-L1 | K75: 30 | L75: 4P | M75: =INDEX('WEG Motor'!$B$3:$AZ$55, MATCH(K75,'WEG Motor'!$A$3:$A$55,0), MATCH(L75,'WEG Motor'!$B$2:$AZ$2,0))% -> 0.936 | N75: 0.92 | O75: 0.8666 | P75: 3.343 | Q75: =ROUNDUP(H75/(C74/10^3),2) -> 295.72 | U75: =R74*(C74/10^3) -> 30.702 | W75: Motor | X75: 0.94 | Z75: Specific Heat | AA75: 4.186
D76: =IFERROR(ROUNDUP((U76*$X$3*1000*$X$4*$X$2)/((C74/10^3)*$X$5*$AA$4),2),"") -> 21.24 | E76: 22.5 | F76: =((($X$5*$AA$4*(C74*0.001)*E76)/1000)/O76) -> 25.973918 | G76: =F76/M76 -> 27.749912 | H76: =G76/N76 -> 30.162948 | I76: GIGA-N | J76: Atmos GIGA-N 150/315-30/4-L1 | K76: 30 | L76: 4P | M76: =INDEX('WEG Motor'!$B$3:$AZ$55, MATCH(K76,'WEG Motor'!$A$3:$A$55,0), MATCH(L76,'WEG Motor'!$B$2:$AZ$2,0))% -> 0.936 | N76: 0.92 | O76: 0.8666 | P76: 3.343 | Q76: =ROUNDUP(H76/(C74/10^3),2) -> 295.72 | U76: =R74*(C74/10^3) -> 30.702 | W76: Pump | X76: 0.8 | Z76: g | AA76: 9.81 | AC76: Pump Power limitation = Motor Input / Flowrate [m3/s]
D77: =IFERROR(ROUNDUP((U77*$X$3*1000*$X$4*$X$2)/((C74/10^3)*$X$5*$AA$4),2),"") -> 21.24 | E77: 22 | F77: =((($X$5*$AA$4*(C74*0.001)*E77)/1000)/O77) -> 26.10461 | G77: =F77/M77 -> 27.889541 | H77: =G77/N77 -> 30.314718 | I77: GIGA-IC | J77: Atmos GIGA-IC 200/315-30/4-L1-GB3 | K77: 30 | L77: 4P | M77: =INDEX('WEG Motor'!$B$3:$AZ$55, MATCH(K77,'WEG Motor'!$A$3:$A$55,0), MATCH(L77,'WEG Motor'!$B$2:$AZ$2,0))% -> 0.936 | N77: 0.92 | O77: 0.8431 | P77: 3.546 | Q77: =ROUNDUP(H77/(C74/10^3),2) -> 297.21 | U77: =R74*(C74/10^3) -> 30.702 | W77: Density | X77: 999.78 | Z77: RT | AA77: kW
D78: =IFERROR(ROUNDUP((U78*$X$3*1000*$X$4*$X$2)/((C74/10^3)*$X$5*$AA$4),2),"") -> 21.24 | E78: 22.5 | F78: =((($X$5*$AA$4*(C74*0.001)*E78)/1000)/O78) -> 26.456273 | G78: =F78/M78 -> 28.265249 | H78: =G78/N78 -> 30.723096 | I78: SCP | J78: SCP-200-310-HA | K78: 30 | L78: 4P | M78: =INDEX('WEG Motor'!$B$3:$AZ$55, MATCH(K78,'WEG Motor'!$A$3:$A$55,0), MATCH(L78,'WEG Motor'!$B$2:$AZ$2,0))% -> 0.936 | N78: 0.92 | O78: 0.8508 | P78: 3.5 | Q78: =ROUNDUP(H78/(C74/10^3),2) -> 301.21 | U78: =R74*(C74/10^3) -> 30.702 | Z78: 1 | AA78: 3.517 | AC78: Rated Tonnage =( (Flowrate / 1000) * Density * Change in Temp * Specific Heat) / 3.517
D79: =IFERROR(ROUNDUP((U79*$X$3*1000*$X$4*$X$2)/((C74/10^3)*$X$5*$AA$4),2),"") -> 21.24 | E79: 22.5 | F79: =((($X$5*$AA$4*(C74*0.001)*E79)/1000)/O79) -> 26.456273 | G79: =F79/M79 -> 28.265249 | H79: =G79/N79 -> 30.723096 | I79: SCP-V | J79: SCPV-200-310-HA | K79: 30 | L79: 4P | M79: =INDEX('WEG Motor'!$B$3:$AZ$55, MATCH(K79,'WEG Motor'!$A$3:$A$55,0), MATCH(L79,'WEG Motor'!$B$2:$AZ$2,0))% -> 0.936 | N79: 0.92 | O79: 0.8508 | P79: 3.5 | Q79: =ROUNDUP(H79/(C74/10^3),2) -> 301.21 | U79: =R74*(C74/10^3) -> 30.702
A80: 13 | B80: 900 | C80: =ROUND((B80 * $AA$6 * 1000) / ($X$5*$AA$2*$AA$3), 0) -> 108 | D80: =IFERROR(ROUNDUP((U80*$X$3*1000*$X$4*$X$2)/((C80/10^3)*$X$5*$AA$4),2),"") -> 21.24 | E80: 22 | F80: =((($X$5*$AA$4*(C80*0.001)*E80)/1000)/O80) -> 27.653295 | G80: =F80/M80 -> 29.544119 | H80: =G80/N80 -> 32.113173 | I80: GIGA-I | J80: Atmos GIGA-I 200/285-30/4-L1 EN | K80: 30 | L80: 4P | M80: =INDEX('WEG Motor'!$B$3:$AZ$55, MATCH(K80,'WEG Motor'!$A$3:$A$55,0), MATCH(L80,'WEG Motor'!$B$2:$AZ$2,0))% -> 0.936 | N80: 0.92 | O80: 0.8427 | P80: 3.818 | Q80: =ROUNDUP(H80/(C80/10^3),2) -> 297.35 | R80: 301 | U80: =R80*(C80/10^3) -> 32.508 | W80: VSD | X80: 0.92 | Z80: △T | AA80: 7 | AC80: Rated Tonnage = Amount if heat needed to melt 1 ton of ice in 24 hrs
D81: =IFERROR(ROUNDUP((U81*$X$3*1000*$X$4*$X$2)/((C80/10^3)*$X$5*$AA$4),2),"") -> 21.24 | E81: 22.5 | F81: =((($X$5*$AA$4*(C80*0.001)*E81)/1000)/O81) -> 27.447951 | G81: =F81/M81 -> 29.324734 | H81: =G81/N81 -> 31.87471 | I81: GIGA-B | J81: Atmos GIGA-B 150/285-30/4-L1 | K81: 30 | L81: 4P | M81: =INDEX('WEG Motor'!$B$3:$AZ$55, MATCH(K81,'WEG Motor'!$A$3:$A$55,0), MATCH(L81,'WEG Motor'!$B$2:$AZ$2,0))% -> 0.936 | N81: 0.92 | O81: 0.8683 | P81: 3.476 | Q81: =ROUNDUP(H81/(C80/10^3),2) -> 295.14 | U81: =R80*(C80/10^3) -> 32.508 | W81: Motor | X81: 0.94 | Z81: Specific Heat | AA81: 4.186
D82: =IFERROR(ROUNDUP((U82*$X$3*1000*$X$4*$X$2)/((C80/10^3)*$X$5*$AA$4),2),"") -> 21.24 | E82: 22.5 | F82: =((($X$5*$AA$4*(C80*0.001)*E82)/1000)/O82) -> 27.447951 | G82: =F82/M82 -> 29.324734 | H82: =G82/N82 -> 31.87471 | I82: GIGA-N | J82: Atmos GIGA-N 150/315-30/4-L1 | K82: 30 | L82: 4P | M82: =INDEX('WEG Motor'!$B$3:$AZ$55, MATCH(K82,'WEG Motor'!$A$3:$A$55,0), MATCH(L82,'WEG Motor'!$B$2:$AZ$2,0))% -> 0.936 | N82: 0.92 | O82: 0.8683 | P82: 3.476 | Q82: =ROUNDUP(H82/(C80/10^3),2) -> 295.14 | U82: =R80*(C80/10^3) -> 32.508 | W82: Pump | X82: 0.8 | Z82: g | AA82: 9.81 | AC82: Pump Power limitation = Motor Input / Flowrate [m3/s]
D83: =IFERROR(ROUNDUP((U83*$X$3*1000*$X$4*$X$2)/((C80/10^3)*$X$5*$AA$4),2),"") -> 21.24 | E83: 22 | F83: =((($X$5*$AA$4*(C80*0.001)*E83)/1000)/O83) -> 27.653295 | G83: =F83/M83 -> 29.544119 | H83: =G83/N83 -> 32.113173 | I83: GIGA-IC | J83: Atmos GIGA-IC 200/315-30/4-L1-GB3 | K83: 30 | L83: 4P | M83: =INDEX('WEG Motor'!$B$3:$AZ$55, MATCH(K83,'WEG Motor'!$A$3:$A$55,0), MATCH(L83,'WEG Motor'!$B$2:$AZ$2,0))% -> 0.936 | N83: 0.92 | O83: 0.8427 | P83: 3.818 | Q83: =ROUNDUP(H83/(C80/10^3),2) -> 297.35 | U83: =R80*(C80/10^3) -> 32.508 | W83: Density | X83: 999.78 | Z83: RT | AA83: kW
D84: =IFERROR(ROUNDUP((U84*$X$3*1000*$X$4*$X$2)/((C80/10^3)*$X$5*$AA$4),2),"") -> 21.24 | E84: 22.5 | F84: =((($X$5*$AA$4*(C80*0.001)*E84)/1000)/O84) -> 27.761276 | G84: =F84/M84 -> 29.659483 | H84: =G84/N84 -> 32.238569 | I84: SCP | J84: SCP-200-310-HA | K84: 30 | L84: 4P | M84: =INDEX('WEG Motor'!$B$3:$AZ$55, MATCH(K84,'WEG Motor'!$A$3:$A$55,0), MATCH(L84,'WEG Motor'!$B$2:$AZ$2,0))% -> 0.936 | N84: 0.92 | O84: 0.8585 | P84: 3.64 | Q84: =ROUNDUP(H84/(C80/10^3),2) -> 298.51 | U84: =R80*(C80/10^3) -> 32.508 | Z84: 1 | AA84: 3.517 | AC84: Rated Tonnage =( (Flowrate / 1000) * Density * Change in Temp * Specific Heat) / 3.517
D85: =IFERROR(ROUNDUP((U85*$X$3*1000*$X$4*$X$2)/((C80/10^3)*$X$5*$AA$4),2),"") -> 21.24 | E85: 22.5 | F85: =((($X$5*$AA$4*(C80*0.001)*E85)/1000)/O85) -> 27.761276 | G85: =F85/M85 -> 29.659483 | H85: =G85/N85 -> 32.238569 | I85: SCP-V | J85: SCPV-200-310-HA | K85: 30 | L85: 4P | M85: =INDEX('WEG Motor'!$B$3:$AZ$55, MATCH(K85,'WEG Motor'!$A$3:$A$55,0), MATCH(L85,'WEG Motor'!$B$2:$AZ$2,0))% -> 0.936 | N85: 0.92 | O85: 0.8585 | P85: 3.64 | Q85: =ROUNDUP(H85/(C80/10^3),2) -> 298.51 | U85: =R80*(C80/10^3) -> 32.508
A86: 14 | B86: 950 | C86: =ROUND((B86 * $AA$6 * 1000) / ($X$5*$AA$2*$AA$3), 0) -> 114 | D86: =IFERROR(ROUNDUP((U86*$X$3*1000*$X$4*$X$2)/((C86/10^3)*$X$5*$AA$4),2),"") -> 21.24 | E86: 22 | F86: =((($X$5*$AA$4*(C86*0.001)*E86)/1000)/O86) -> 29.248594 | G86: =F86/M86 -> 31.148662 | H86: =G86/N86 -> 33.857241 | I86: GIGA-I | J86: Atmos GIGA-I 200/295-37/4-P6-L1 EN | K86: 37 | L86: 4P | M86: =INDEX('WEG Motor'!$B$3:$AZ$55, MATCH(K86,'WEG Motor'!$A$3:$A$55,0), MATCH(L86,'WEG Motor'!$B$2:$AZ$2,0))% -> 0.939 | N86: 0.92 | O86: 0.841 | P86: 4.113 | Q86: =ROUNDUP(H86/(C86/10^3),2) -> 297 | R86: 301 | U86: =R86*(C86/10^3) -> 34.314 | W86: VSD | X86: 0.92 | Z86: △T | AA86: 7 | AC86: Rated Tonnage = Amount if heat needed to melt 1 ton of ice in 24 hrs
D87: =IFERROR(ROUNDUP((U87*$X$3*1000*$X$4*$X$2)/((C86/10^3)*$X$5*$AA$4),2),"") -> 21.24 | E87: 23 | F87: =((($X$5*$AA$4*(C86*0.001)*E87)/1000)/O87) -> 29.562204 | G87: =F87/M87 -> 31.482645 | H87: =G87/N87 -> 34.220267 | I87: GIGA-B | J87: Atmos GIGA-B 150/295-37/4-L1 | K87: 37 | L87: 4P | M87: =INDEX('WEG Motor'!$B$3:$AZ$55, MATCH(K87,'WEG Motor'!$A$3:$A$55,0), MATCH(L87,'WEG Motor'!$B$2:$AZ$2,0))% -> 0.939 | N87: 0.92 | O87: 0.8699 | P87: 3.651 | Q87: =ROUNDUP(H87/(C86/10^3),2) -> 300.18 | U87: =R86*(C86/10^3) -> 34.314 | W87: Motor | X87: 0.94 | Z87: Specific Heat | AA87: 4.186
D88: =IFERROR(ROUNDUP((U88*$X$3*1000*$X$4*$X$2)/((C86/10^3)*$X$5*$AA$4),2),"") -> 21.24 | E88: 23 | F88: =((($X$5*$AA$4*(C86*0.001)*E88)/1000)/O88) -> 29.562204 | G88: =F88/M88 -> 31.482645 | H88: =G88/N88 -> 34.220267 | I88: GIGA-N | J88: Atmos GIGA-N 150/315-37/4-L1 | K88: 37 | L88: 4P | M88: =INDEX('WEG Motor'!$B$3:$AZ$55, MATCH(K88,'WEG Motor'!$A$3:$A$55,0), MATCH(L88,'WEG Motor'!$B$2:$AZ$2,0))% -> 0.939 | N88: 0.92 | O88: 0.8699 | P88: 3.651 | Q88: =ROUNDUP(H88/(C86/10^3),2) -> 300.18 | U88: =R86*(C86/10^3) -> 34.314 | W88: Pump | X88: 0.8 | Z88: g | AA88: 9.81 | AC88: Pump Power limitation = Motor Input / Flowrate [m3/s]
D89: =IFERROR(ROUNDUP((U89*$X$3*1000*$X$4*$X$2)/((C86/10^3)*$X$5*$AA$4),2),"") -> 21.24 | E89: 22 | F89: =((($X$5*$AA$4*(C86*0.001)*E89)/1000)/O89) -> 29.300854 | G89: =F89/M89 -> 31.204318 | H89: =G89/N89 -> 33.917737 | I89: GIGA-IC | J89: Atmos GIGA-IC 200/315-37/4-L1-GB3 | K89: 37 | L89: 4P | M89: =INDEX('WEG Motor'!$B$3:$AZ$55, MATCH(K89,'WEG Motor'!$A$3:$A$55,0), MATCH(L89,'WEG Motor'!$B$2:$AZ$2,0))% -> 0.939 | N89: 0.92 | O89: 0.8395 | P89: 4.122 | Q89: =ROUNDUP(H89/(C86/10^3),2) -> 297.53 | U89: =R86*(C86/10^3) -> 34.314 | W89: Density | X89: 999.78 | Z89: RT | AA89: kW
D90: =IFERROR(ROUNDUP((U90*$X$3*1000*$X$4*$X$2)/((C86/10^3)*$X$5*$AA$4),2),"") -> 21.24 | E90: 22.5 | F90: =((($X$5*$AA$4*(C86*0.001)*E90)/1000)/O90) -> 29.13389 | G90: =F90/M90 -> 31.026507 | H90: =G90/N90 -> 33.724464 | I90: SCP | J90: SCP-200-310-HA | K90: 37 | L90: 4P | M90: =INDEX('WEG Motor'!$B$3:$AZ$55, MATCH(K90,'WEG Motor'!$A$3:$A$55,0), MATCH(L90,'WEG Motor'!$B$2:$AZ$2,0))% -> 0.939 | N90: 0.92 | O90: 0.8635 | P90: 3.81 | Q90: =ROUNDUP(H90/(C86/10^3),2) -> 295.83 | U90: =R86*(C86/10^3) -> 34.314 | Z90: 1 | AA90: 3.517 | AC90: Rated Tonnage =( (Flowrate / 1000) * Density * Change in Temp * Specific Heat) / 3.517
D91: =IFERROR(ROUNDUP((U91*$X$3*1000*$X$4*$X$2)/((C86/10^3)*$X$5*$AA$4),2),"") -> 21.24 | E91: 22.5 | F91: =((($X$5*$AA$4*(C86*0.001)*E91)/1000)/O91) -> 29.13389 | G91: =F91/M91 -> 31.026507 | H91: =G91/N91 -> 33.724464 | I91: SCP-V | J91: SCPV-200-310-HA | K91: 37 | L91: 4P | M91: =INDEX('WEG Motor'!$B$3:$AZ$55, MATCH(K91,'WEG Motor'!$A$3:$A$55,0), MATCH(L91,'WEG Motor'!$B$2:$AZ$2,0))% -> 0.939 | N91: 0.92 | O91: 0.8635 | P91: 3.81 | Q91: =ROUNDUP(H91/(C86/10^3),2) -> 295.83 | U91: =R86*(C86/10^3) -> 34.314
A92: 15 | B92: 1000 | C92: =ROUND((B92 * $AA$6 * 1000) / ($X$5*$AA$2*$AA$3), 0) -> 120 | D92: =IFERROR(ROUNDUP((U92*$X$3*1000*$X$4*$X$2)/((C92/10^3)*$X$5*$AA$4),2),"") -> 21.24 | E92: 21.5 | F92: =((($X$5*$AA$4*(C92*0.001)*E92)/1000)/O92) -> 30.31173 | G92: =F92/M92 -> 32.280862 | H92: =G92/N92 -> 35.087894 | I92: GIGA-I | J92: Atmos GIGA-I 200/295-37/4-P6-L1 EN | K92: 37 | L92: 4P | M92: =INDEX('WEG Motor'!$B$3:$AZ$55, MATCH(K92,'WEG Motor'!$A$3:$A$55,0), MATCH(L92,'WEG Motor'!$B$2:$AZ$2,0))% -> 0.939 | N92: 0.92 | O92: 0.8348 | P92: 4.487 | Q92: =ROUNDUP(H92/(C92/10^3),2) -> 292.4 | R92: 301 | U92: =R92*(C92/10^3) -> 36.12 | W92: VSD | X92: 0.92 | Z92: △T | AA92: 7 | AC92: Rated Tonnage = Amount if heat needed to melt 1 ton of ice in 24 hrs
D93: =IFERROR(ROUNDUP((U93*$X$3*1000*$X$4*$X$2)/((C92/10^3)*$X$5*$AA$4),2),"") -> 21.24 | E93: 23 | F93: =((($X$5*$AA$4*(C92*0.001)*E93)/1000)/O93) -> 31.164683 | G93: =F93/M93 -> 33.189225 | H93: =G93/N93 -> 36.075245 | I93: GIGA-B | J93: Atmos GIGA-B 150/295-37/4-L1 | K93: 37 | L93: 4P | M93: =INDEX('WEG Motor'!$B$3:$AZ$55, MATCH(K93,'WEG Motor'!$A$3:$A$55,0), MATCH(L93,'WEG Motor'!$B$2:$AZ$2,0))% -> 0.939 | N93: 0.92 | O93: 0.8686 | P93: 3.877 | Q93: =ROUNDUP(H93/(C92/10^3),2) -> 300.63 | U93: =R92*(C92/10^3) -> 36.12 | W93: Motor | X93: 0.94 | Z93: Specific Heat | AA93: 4.186
D94: =IFERROR(ROUNDUP((U94*$X$3*1000*$X$4*$X$2)/((C92/10^3)*$X$5*$AA$4),2),"") -> 21.24 | E94: 23 | F94: =((($X$5*$AA$4*(C92*0.001)*E94)/1000)/O94) -> 31.164683 | G94: =F94/M94 -> 33.189225 | H94: =G94/N94 -> 36.075245 | I94: GIGA-N | J94: Atmos GIGA-N 150/315-37/4-L1 | K94: 37 | L94: 4P | M94: =INDEX('WEG Motor'!$B$3:$AZ$55, MATCH(K94,'WEG Motor'!$A$3:$A$55,0), MATCH(L94,'WEG Motor'!$B$2:$AZ$2,0))% -> 0.939 | N94: 0.92 | O94: 0.8686 | P94: 3.877 | Q94: =ROUNDUP(H94/(C92/10^3),2) -> 300.63 | U94: =R92*(C92/10^3) -> 36.12 | W94: Pump | X94: 0.8 | Z94: g | AA94: 9.81 | AC94: Pump Power limitation = Motor Input / Flowrate [m3/s]
D95: =IFERROR(ROUNDUP((U95*$X$3*1000*$X$4*$X$2)/((C92/10^3)*$X$5*$AA$4),2),"") -> 21.24 | E95: 22 | F95: =((($X$5*$AA$4*(C92*0.001)*E95)/1000)/O95) -> 31.012938 | G95: =F95/M95 -> 33.027624 | H95: =G95/N95 -> 35.899591 | I95: GIGA-IC | J95: Atmos GIGA-IC 200/315-37/4-L1-GB3 | K95: 37 | L95: 4P | M95: =INDEX('WEG Motor'!$B$3:$AZ$55, MATCH(K95,'WEG Motor'!$A$3:$A$55,0), MATCH(L95,'WEG Motor'!$B$2:$AZ$2,0))% -> 0.939 | N95: 0.92 | O95: 0.8349 | P95: 4.464 | Q95: =ROUNDUP(H95/(C92/10^3),2) -> 299.17 | U95: =R92*(C92/10^3) -> 36.12 | W95: Density | X95: 999.78 | Z95: RT | AA95: kW
D96: =IFERROR(ROUNDUP((U96*$X$3*1000*$X$4*$X$2)/((C92/10^3)*$X$5*$AA$4),2),"") -> 21.24 | E96: 23 | F96: =((($X$5*$AA$4*(C92*0.001)*E96)/1000)/O96) -> 31.164683 | G96: =F96/M96 -> 33.189225 | H96: =G96/N96 -> 36.075245 | I96: SCP | J96: SCP-200-310-HA | K96: 37 | L96: 4P | M96: =INDEX('WEG Motor'!$B$3:$AZ$55, MATCH(K96,'WEG Motor'!$A$3:$A$55,0), MATCH(L96,'WEG Motor'!$B$2:$AZ$2,0))% -> 0.939 | N96: 0.92 | O96: 0.8686 | P96: 3.97 | Q96: =ROUNDUP(H96/(C92/10^3),2) -> 300.63 | U96: =R92*(C92/10^3) -> 36.12 | Z96: 1 | AA96: 3.517 | AC96: Rated Tonnage =( (Flowrate / 1000) * Density * Change in Temp * Specific Heat) / 3.517
D97: =IFERROR(ROUNDUP((U97*$X$3*1000*$X$4*$X$2)/((C92/10^3)*$X$5*$AA$4),2),"") -> 21.24 | E97: 23 | F97: =((($X$5*$AA$4*(C92*0.001)*E97)/1000)/O97) -> 31.164683 | G97: =F97/M97 -> 33.189225 | H97: =G97/N97 -> 36.075245 | I97: SCP-V | J97: SCPV-200-310-HA | K97: 37 | L97: 4P | M97: =INDEX('WEG Motor'!$B$3:$AZ$55, MATCH(K97,'WEG Motor'!$A$3:$A$55,0), MATCH(L97,'WEG Motor'!$B$2:$AZ$2,0))% -> 0.939 | N97: 0.92 | O97: 0.8686 | P97: 3.97 | Q97: =ROUNDUP(H97/(C92/10^3),2) -> 300.63 | U97: =R92*(C92/10^3) -> 36.12
A98: 16 | B98: 1050 | C98: =ROUND((B98 * $AA$6 * 1000) / ($X$5*$AA$2*$AA$3), 0) -> 126 | D98: =IFERROR(ROUNDUP((U98*$X$3*1000*$X$4*$X$2)/((C98/10^3)*$X$5*$AA$4),2),"") -> 21.24 | E98: 22 | F98: =((($X$5*$AA$4*(C98*0.001)*E98)/1000)/O98) -> 32.747937 | G98: =F98/M98 -> 34.875332 | H98: =G98/N98 -> 37.90797 | I98: GIGA-I | J98: Atmos GIGA-I 200/295-37/4-P6-L1 EN | K98: 37 | L98: 4P | M98: =INDEX('WEG Motor'!$B$3:$AZ$55, MATCH(K98,'WEG Motor'!$A$3:$A$55,0), MATCH(L98,'WEG Motor'!$B$2:$AZ$2,0))% -> 0.939 | N98: 0.92 | O98: 0.8302 | P98: 4.88 | Q98: =ROUNDUP(H98/(C98/10^3),2) -> 300.86 | R98: 301 | U98: =R98*(C98/10^3) -> 37.926 | W98: VSD | X98: 0.92 | Z98: △T | AA98: 7 | AC98: Rated Tonnage = Amount if heat needed to melt 1 ton of ice in 24 hrs
D99: =IFERROR(ROUNDUP((U99*$X$3*1000*$X$4*$X$2)/((C98/10^3)*$X$5*$AA$4),2),"") -> 21.24 | E99: 22.5 | F99: =((($X$5*$AA$4*(C98*0.001)*E99)/1000)/O99) -> 32.193159 | G99: =F99/M99 -> 34.284514 | H99: =G99/N99 -> 37.265777 | I99: GIGA-B | J99: Atmos GIGA-B 150/295-37/4-L1 | K99: 37 | L99: 4P | M99: =INDEX('WEG Motor'!$B$3:$AZ$55, MATCH(K99,'WEG Motor'!$A$3:$A$55,0), MATCH(L99,'WEG Motor'!$B$2:$AZ$2,0))% -> 0.939 | N99: 0.92 | O99: 0.8637 | P99: 4.162 | Q99: =ROUNDUP(H99/(C98/10^3),2) -> 295.77 | U99: =R98*(C98/10^3) -> 37.926 | W99: Motor | X99: 0.94 | Z99: Specific Heat | AA99: 4.186
D100: =IFERROR(ROUNDUP((U100*$X$3*1000*$X$4*$X$2)/((C98/10^3)*$X$5*$AA$4),2),"") -> 21.24 | E100: 22.5 | F100: =((($X$5*$AA$4*(C98*0.001)*E100)/1000)/O100) -> 32.193159 | G100: =F100/M100 -> 34.284514 | H100: =G100/N100 -> 37.265777 | I100: GIGA-N | J100: Atmos GIGA-N 150/315-37/4-L1 | K100: 37 | L100: 4P | M100: =INDEX('WEG Motor'!$B$3:$AZ$55, MATCH(K100,'WEG Motor'!$A$3:$A$55,0), MATCH(L100,'WEG Motor'!$B$2:$AZ$2,0))% -> 0.939 | N100: 0.92 | O100: 0.8637 | P100: 4.162 | Q100: =ROUNDUP(H100/(C98/10^3),2) -> 295.77 | U100: =R98*(C98/10^3) -> 37.926 | W100: Pump | X100: 0.8 | Z100: g | AA100: 9.81 | AC100: Pump Power limitation = Motor Input / Flowrate [m3/s]
...

Sheet Pump Heads Selection
A1: S/N | B1: Rated Tonnage | C1: Flowrate (l/s) | D1: Head (m) | E1: GIGA-I | P1: GIGA-B | AA1: GIGA-N | AL1: GIGA-IC | AW1: SCP | BH1: SCPV
E2: Pump Model | F2: Motor Size | G2: Poles | H2: Motor Eff | I2: VSD Eff | J2: Pump Eff | K2: NPSHR (m) | L2: Rated Power (kW, P2) | M2: Motor Input (kW, P1) (Pump + Motor) | N2: Overall Power Input (Pump + Motor + VSD) | O2: Remarks | P2: Pump Model | Q2: Motor Size | R2: Poles | S2: Motor Eff | T2: VSD Eff | U2: Pump Eff | V2: NPSHR (m) | W2: Rated Power (kW, P2) | X2: Motor Input (kW, P1) (Pump + Motor) | Y2: Overall Power Input (Pump + Motor + VSD) | Z2: Remarks | AA2: Pump Model | AB2: Motor Size | AC2: Poles | AD2: Motor Eff | AE2: VSD Eff | AF2: Pump Eff | AG2: NPSHR (m) | AH2: Rated Power (kW, P2) | AI2: Motor Input (kW, P1) (Pump + Motor) | AJ2: Overall Power Input (Pump + Motor + VSD) | AK2: Remarks | AL2: Pump Model | AM2: Motor Size | AN2: Poles | AO2: Motor Eff | AP2: VSD Eff | AQ2: Pump Eff | AR2: NPSHR (m) | AS2: Rated Power (kW, P2) | AT2: Motor Input (kW, P1) (Pump + Motor) | AU2: Overall Power Input (Pump + Motor + VSD) | AV2: Remarks | AW2: Pump Model | AX2: Motor Size | AY2: Poles | AZ2: Motor Eff | BA2: VSD Eff | BB2: Pump Eff | BC2: NPSHR (m) | BD2: Rated Power (kW, P2) | BE2: Motor Input (kW, P1) (Pump + Motor) | BF2: Overall Power Input (Pump + Motor + VSD) | BG2: Remarks | BH2: Pump Model | BI2: Motor Size | BJ2: Poles | BK2: Motor Eff | BL2: VSD Eff | BM2: Pump Eff | BN2: NPSHR (m) | BO2: Rated Power (kW, P2) | BP2: Motor Input (kW, P1) (Pump + Motor) | BQ2: Overall Power Input (Pump + Motor + VSD) | BR2: Remarks
A3: 0 | C3: =ROUND((B3 * $BW$7 * 1000) / ($BT$6 * $BW$3 * $BW$4), 0) -> 0 | D3: 15 | H3: =INDEX('WEG Motor'!$B$3:$AZ$55, MATCH(F3,'WEG Motor'!$A$3:$A$55,0), MATCH(G3,'WEG Motor'!$B$2:$AZ$2,0))% -> #N/A | I3: 0.92 | L3: =ROUND(((($BT$6*$BW$5*(C3*0.001)*D3)/1000)/J3), 2) -> #DIV/0! | M3: =ROUND((L3/H3),2) -> #DIV/0! | N3: =ROUND((M3/I3), 2) -> #DIV/0! | S3: =INDEX('WEG Motor'!$B$3:$AZ$55, MATCH(Q3,'WEG Motor'!$A$3:$A$55,0), MATCH(R3,'WEG Motor'!$B$2:$AZ$2,0))% -> #N/A | T3: 0.92 | W3: =ROUND(((($BT$6*$BW$5*(C3*0.001)*D3)/1000)/U3), 2) -> #DIV/0! | X3: =ROUND((W3/S3),2) -> #DIV/0! | Y3: =ROUND((X3/T3), 2) -> #DIV/0! | AD3: =INDEX('WEG Motor'!$B$3:$AZ$55, MATCH(AB3,'WEG Motor'!$A$3:$A$55,0), MATCH(AC3,'WEG Motor'!$B$2:$AZ$2,0))% -> #N/A | AE3: 0.92 | AH3: =ROUND(((($BT$6*$BW$5*(C3*0.001)*D3)/1000)/AF3), 2) -> #DIV/0! | AI3: =ROUND((AH3/AD3),2) -> #DIV/0! | AJ3: =ROUND((AI3/AE3), 2) -> #DIV/0! | AO3: =INDEX('WEG Motor'!$B$3:$AZ$55, MATCH(AM3,'WEG Motor'!$A$3:$A$55,0), MATCH(AN3,'WEG Motor'!$B$2:$AZ$2,0))% -> #N/A | AP3: 0.92 | AS3: =ROUND(((($BT$6*$BW$5*(C3*0.001)*D3)/1000)/AQ3), 2) -> #DIV/0! | AT3: =ROUND((AS3/AO3),2) -> #DIV/0! | AU3: =ROUND((AT3/AP3), 2) -> #DIV/0! | AZ3: =INDEX('WEG Motor'!$B$3:$AZ$55, MATCH(AX3,'WEG Motor'!$A$3:$A$55,0), MATCH(AY3,'WEG Motor'!$B$2:$AZ$2,0))% -> #N/A | BA3: 0.92 | BD3: =ROUND(((($BT$6*$BW$5*(C3*0.001)*D3)/1000)/BB3), 2) -> #DIV/0! | BE3: =ROUND((BD3/AZ3),2) -> #DIV/0! | BF3: =ROUND((BE3/BA3), 2) -> #DIV/0! | BK3: =INDEX('WEG Motor'!$B$3:$AZ$55, MATCH(BI3,'WEG Motor'!$A$3:$A$55,0), MATCH(BJ3,'WEG Motor'!$B$2:$AZ$2,0))% -> #N/A | BL3: 0.92 | BO3: =ROUND(((($BT$6*$BW$5*(C3*0.001)*D3)/1000)/BM3), 2) -> #DIV/0! | BP3: =ROUND((BO3/BK3),2) -> #DIV/0! | BQ3: =ROUND((BP3/BL3), 2) -> #DIV/0! | BS3: VSD | BT3: 0.92 | BV3: △T | BW3: 7 | BY3: Rated Tonnage = Amount if heat needed to melt 1 ton of ice in 24 hrs
D4: 20 | H4: =INDEX('WEG Motor'!$B$3:$AZ$55, MATCH(F4,'WEG Motor'!$A$3:$A$55,0), MATCH(G4,'WEG Motor'!$B$2:$AZ$2,0))% -> #N/A | I4: 0.92 | L4: =ROUND(((($BT$6*$BW$5*(C3*0.001)*D4)/1000)/J4), 2) -> #DIV/0! | M4: =ROUND((L4/H4),2) -> #DIV/0! | N4: =ROUND((M4/I4), 2) -> #DIV/0! | S4: =INDEX('WEG Motor'!$B$3:$AZ$55, MATCH(Q4,'WEG Motor'!$A$3:$A$55,0), MATCH(R4,'WEG Motor'!$B$2:$AZ$2,0))% -> #N/A | T4: 0.92 | W4: =ROUND(((($BT$6*$BW$5*(C3*0.001)*D4)/1000)/U4), 2) -> #DIV/0! | X4: =ROUND((W4/S4),2) -> #DIV/0! | Y4: =ROUND((X4/T4), 2) -> #DIV/0! | AD4: =INDEX('WEG Motor'!$B$3:$AZ$55, MATCH(AB4,'WEG Motor'!$A$3:$A$55,0), MATCH(AC4,'WEG Motor'!$B$2:$AZ$2,0))% -> #N/A | AE4: 0.92 | AH4: =ROUND(((($BT$6*$BW$5*(C3*0.001)*D4)/1000)/AF4), 2) -> #DIV/0! | AI4: =ROUND((AH4/AD4),2) -> #DIV/0! | AJ4: =ROUND((AI4/AE4), 2) -> #DIV/0! | AO4: =INDEX('WEG Motor'!$B$3:$AZ$55, MATCH(AM4,'WEG Motor'!$A$3:$A$55,0), MATCH(AN4,'WEG Motor'!$B$2:$AZ$2,0))% -> #N/A | AP4: 0.92 | AS4: =ROUND(((($BT$6*$BW$5*(C3*0.001)*D4)/1000)/AQ4), 2) -> #DIV/0! | AT4: =ROUND((AS4/AO4),2) -> #DIV/0! | AU4: =ROUND((AT4/AP4), 2) -> #DIV/0! | AZ4: =INDEX('WEG Motor'!$B$3:$AZ$55, MATCH(AX4,'WEG Motor'!$A$3:$A$55,0), MATCH(AY4,'WEG Motor'!$B$2:$AZ$2,0))% -> #N/A | BA4: 0.92 | BD4: =ROUND(((($BT$6*$BW$5*(C3*0.001)*D4)/1000)/BB4), 2) -> #DIV/0! | BE4: =ROUND((BD4/AZ4),2) -> #DIV/0! | BF4: =ROUND((BE4/BA4), 2) -> #DIV/0! | BK4: =INDEX('WEG Motor'!$B$3:$AZ$55, MATCH(BI4,'WEG Motor'!$A$3:$A$55,0), MATCH(BJ4,'WEG Motor'!$B$2:$AZ$2,0))% -> #N/A | BL4: 0.92 | BO4: =ROUND(((($BT$6*$BW$5*(C3*0.001)*D4)/1000)/BM4), 2) -> #DIV/0! | BP4: =ROUND((BO4/BK4),2) -> #DIV/0! | BQ4: =ROUND((BP4/BL4), 2) -> #DIV/0! | BS4: Motor | BT4: 0.94 | BV4: Specific Heat | BW4: 4.186
D5: 25 | H5: =INDEX('WEG Motor'!$B$3:$AZ$55, MATCH(F5,'WEG Motor'!$A$3:$A$55,0), MATCH(G5,'WEG Motor'!$B$2:$AZ$2,0))% -> #N/A | I5: 0.92 | L5: =ROUND(((($BT$6*$BW$5*(C3*0.001)*D5)/1000)/J5), 2) -> #DIV/0! | M5: =ROUND((L5/H5),2) -> #DIV/0! | N5: =ROUND((M5/I5), 2) -> #DIV/0! | S5: =INDEX('WEG Motor'!$B$3:$AZ$55, MATCH(Q5,'WEG Motor'!$A$3:$A$55,0), MATCH(R5,'WEG Motor'!$B$2:$AZ$2,0))% -> #N/A | T5: 0.92 | W5: =ROUND(((($BT$6*$BW$5*(C3*0.001)*D5)/1000)/U5), 2) -> #DIV/0! | X5: =ROUND((W5/S5),2) -> #DIV/0! | Y5: =ROUND((X5/T5), 2) -> #DIV/0! | AD5: =INDEX('WEG Motor'!$B$3:$AZ$55, MATCH(AB5,'WEG Motor'!$A$3:$A$55,0), MATCH(AC5,'WEG Motor'!$B$2:$AZ$2,0))% -> #N/A | AE5: 0.92 | AH5: =ROUND(((($BT$6*$BW$5*(C3*0.001)*D5)/1000)/AF5), 2) -> #DIV/0! | AI5: =ROUND((AH5/AD5),2) -> #DIV/0! | AJ5: =ROUND((AI5/AE5), 2) -> #DIV/0! | AO5: =INDEX('WEG Motor'!$B$3:$AZ$55, MATCH(AM5,'WEG Motor'!$A$3:$A$55,0), MATCH(AN5,'WEG Motor'!$B$2:$AZ$2,0))% -> #N/A | AP5: 0.92 | AS5: =ROUND(((($BT$6*$BW$5*(C3*0.001)*D5)/1000)/AQ5), 2) -> #DIV/0! | AT5: =ROUND((AS5/AO5),2) -> #DIV/0! | AU5: =ROUND((AT5/AP5), 2) -> #DIV/0! | AZ5: =INDEX('WEG Motor'!$B$3:$AZ$55, MATCH(AX5,'WEG Motor'!$A$3:$A$55,0), MATCH(AY5,'WEG Motor'!$B$2:$AZ$2,0))% -> #N/A | BA5: 0.92 | BD5: =ROUND(((($BT$6*$BW$5*(C3*0.001)*D5)/1000)/BB5), 2) -> #DIV/0! | BE5: =ROUND((BD5/AZ5),2) -> #DIV/0! | BF5: =ROUND((BE5/BA5), 2) -> #DIV/0! | BK5: =INDEX('WEG Motor'!$B$3:$AZ$55, MATCH(BI5,'WEG Motor'!$A$3:$A$55,0), MATCH(BJ5,'WEG Motor'!$B$2:$AZ$2,0))% -> #N/A | BL5: 0.92 | BO5: =ROUND(((($BT$6*$BW$5*(C3*0.001)*D5)/1000)/BM5), 2) -> #DIV/0! | BP5: =ROUND((BO5/BK5),2) -> #DIV/0! | BQ5: =ROUND((BP5/BL5), 2) -> #DIV/0! | BS5: Pump | BT5: 0.8 | BV5: g | BW5: 9.81 | BY5: Pump Power limitation = Motor Input / Flowrate [m3/s]
D6: 30 | H6: =INDEX('WEG Motor'!$B$3:$AZ$55, MATCH(F6,'WEG Motor'!$A$3:$A$55,0), MATCH(G6,'WEG Motor'!$B$2:$AZ$2,0))% -> #N/A | I6: 0.92 | L6: =ROUND(((($BT$6*$BW$5*(C3*0.001)*D6)/1000)/J6), 2) -> #DIV/0! | M6: =ROUND((L6/H6),2) -> #DIV/0! | N6: =ROUND((M6/I6), 2) -> #DIV/0! | S6: =INDEX('WEG Motor'!$B$3:$AZ$55, MATCH(Q6,'WEG Motor'!$A$3:$A$55,0), MATCH(R6,'WEG Motor'!$B$2:$AZ$2,0))% -> #N/A | T6: 0.92 | W6: =ROUND(((($BT$6*$BW$5*(C3*0.001)*D6)/1000)/U6), 2) -> #DIV/0! | X6: =ROUND((W6/S6),2) -> #DIV/0! | Y6: =ROUND((X6/T6), 2) -> #DIV/0! | AD6: =INDEX('WEG Motor'!$B$3:$AZ$55, MATCH(AB6,'WEG Motor'!$A$3:$A$55,0), MATCH(AC6,'WEG Motor'!$B$2:$AZ$2,0))% -> #N/A | AE6: 0.92 | AH6: =ROUND(((($BT$6*$BW$5*(C3*0.001)*D6)/1000)/AF6), 2) -> #DIV/0! | AI6: =ROUND((AH6/AD6),2) -> #DIV/0! | AJ6: =ROUND((AI6/AE6), 2) -> #DIV/0! | AO6: =INDEX('WEG Motor'!$B$3:$AZ$55, MATCH(AM6,'WEG Motor'!$A$3:$A$55,0), MATCH(AN6,'WEG Motor'!$B$2:$AZ$2,0))% -> #N/A | AP6: 0.92 | AS6: =ROUND(((($BT$6*$BW$5*(C3*0.001)*D6)/1000)/AQ6), 2) -> #DIV/0! | AT6: =ROUND((AS6/AO6),2) -> #DIV/0! | AU6: =ROUND((AT6/AP6), 2) -> #DIV/0! | AZ6: =INDEX('WEG Motor'!$B$3:$AZ$55, MATCH(AX6,'WEG Motor'!$A$3:$A$55,0), MATCH(AY6,'WEG Motor'!$B$2:$AZ$2,0))% -> #N/A | BA6: 0.92 | BD6: =ROUND(((($BT$6*$BW$5*(C3*0.001)*D6)/1000)/BB6), 2) -> #DIV/0! | BE6: =ROUND((BD6/AZ6),2) -> #DIV/0! | BF6: =ROUND((BE6/BA6), 2) -> #DIV/0! | BK6: =INDEX('WEG Motor'!$B$3:$AZ$55, MATCH(BI6,'WEG Motor'!$A$3:$A$55,0), MATCH(BJ6,'WEG Motor'!$B$2:$AZ$2,0))% -> #N/A | BL6: 0.92 | BO6: =ROUND(((($BT$6*$BW$5*(C3*0.001)*D6)/1000)/BM6), 2) -> #DIV/0! | BP6: =ROUND((BO6/BK6),2) -> #DIV/0! | BQ6: =ROUND((BP6/BL6), 2) -> #DIV/0! | BS6: Density | BT6: 999.78 | BV6: RT | BW6: kW
D7: 35 | H7: =INDEX('WEG Motor'!$B$3:$AZ$55, MATCH(F7,'WEG Motor'!$A$3:$A$55,0), MATCH(G7,'WEG Motor'!$B$2:$AZ$2,0))% -> #N/A | I7: 0.92 | L7: =ROUND(((($BT$6*$BW$5*(C7*0.001)*D7)/1000)/J7), 2) -> #DIV/0! | M7: =ROUND((L7/H7),2) -> #DIV/0! | N7: =ROUND((M7/I7), 2) -> #DIV/0! | S7: =INDEX('WEG Motor'!$B$3:$AZ$55, MATCH(Q7,'WEG Motor'!$A$3:$A$55,0), MATCH(R7,'WEG Motor'!$B$2:$AZ$2,0))% -> #N/A | T7: 0.92 | W7: =ROUND(((($BT$6*$BW$5*(C3*0.001)*D7)/1000)/U7), 2) -> #DIV/0! | X7: =ROUND((W7/S7),2) -> #DIV/0! | Y7: =ROUND((X7/T7), 2) -> #DIV/0! | AD7: =INDEX('WEG Motor'!$B$3:$AZ$55, MATCH(AB7,'WEG Motor'!$A$3:$A$55,0), MATCH(AC7,'WEG Motor'!$B$2:$AZ$2,0))% -> #N/A | AE7: 0.92 | AH7: =ROUND(((($BT$6*$BW$5*(C3*0.001)*D7)/1000)/AF7), 2) -> #DIV/0! | AI7: =ROUND((AH7/AD7),2) -> #DIV/0! | AJ7: =ROUND((AI7/AE7), 2) -> #DIV/0! | AO7: =INDEX('WEG Motor'!$B$3:$AZ$55, MATCH(AM7,'WEG Motor'!$A$3:$A$55,0), MATCH(AN7,'WEG Motor'!$B$2:$AZ$2,0))% -> #N/A | AP7: 0.92 | AS7: =ROUND(((($BT$6*$BW$5*(C3*0.001)*D7)/1000)/AQ7), 2) -> #DIV/0! | AT7: =ROUND((AS7/AO7),2) -> #DIV/0! | AU7: =ROUND((AT7/AP7), 2) -> #DIV/0! | AZ7: =INDEX('WEG Motor'!$B$3:$AZ$55, MATCH(AX7,'WEG Motor'!$A$3:$A$55,0), MATCH(AY7,'WEG Motor'!$B$2:$AZ$2,0))% -> #N/A | BA7: 0.92 | BD7: =ROUND(((($BT$6*$BW$5*(C3*0.001)*D7)/1000)/BB7), 2) -> #DIV/0! | BE7: =ROUND((BD7/AZ7),2) -> #DIV/0! | BF7: =ROUND((BE7/BA7), 2) -> #DIV/0! | BK7: =INDEX('WEG Motor'!$B$3:$AZ$55, MATCH(BI7,'WEG Motor'!$A$3:$A$55,0), MATCH(BJ7,'WEG Motor'!$B$2:$AZ$2,0))% -> #N/A | BL7: 0.92 | BO7: =ROUND(((($BT$6*$BW$5*(C3*0.001)*D7)/1000)/BM7), 2) -> #DIV/0! | BP7: =ROUND((BO7/BK7),2) -> #DIV/0! | BQ7: =ROUND((BP7/BL7), 2) -> #DIV/0! | BV7: 1 | BW7: 3.517 | BY7: Rated Tonnage =( (Flowrate / 1000) * Density * Change in Temp * Specific Heat) / 3.517
D8: 40 | H8: =INDEX('WEG Motor'!$B$3:$AZ$55, MATCH(F8,'WEG Motor'!$A$3:$A$55,0), MATCH(G8,'WEG Motor'!$B$2:$AZ$2,0))% -> #N/A | I8: 0.92 | L8: =ROUND(((($BT$6*$BW$5*(C3*0.001)*D8)/1000)/J8), 2) -> #DIV/0! | M8: =ROUND((L8/H8),2) -> #DIV/0! | N8: =ROUND((M8/I8), 2) -> #DIV/0! | S8: =INDEX('WEG Motor'!$B$3:$AZ$55, MATCH(Q8,'WEG Motor'!$A$3:$A$55,0), MATCH(R8,'WEG Motor'!$B$2:$AZ$2,0))% -> #N/A | T8: 0.92 | W8: =ROUND(((($BT$6*$BW$5*(C3*0.001)*D8)/1000)/U8), 2) -> #DIV/0! | X8: =ROUND((W8/S8),2) -> #DIV/0! | Y8: =ROUND((X8/T8), 2) -> #DIV/0! | AD8: =INDEX('WEG Motor'!$B$3:$AZ$55, MATCH(AB8,'WEG Motor'!$A$3:$A$55,0), MATCH(AC8,'WEG Motor'!$B$2:$AZ$2,0))% -> #N/A | AE8: 0.92 | AH8: =ROUND(((($BT$6*$BW$5*(C3*0.001)*D8)/1000)/AF8), 2) -> #DIV/0! | AI8: =ROUND((AH8/AD8),2) -> #DIV/0! | AJ8: =ROUND((AI8/AE8), 2) -> #DIV/0! | AO8: =INDEX('WEG Motor'!$B$3:$AZ$55, MATCH(AM8,'WEG Motor'!$A$3:$A$55,0), MATCH(AN8,'WEG Motor'!$B$2:$AZ$2,0))% -> #N/A | AP8: 0.92 | AS8: =ROUND(((($BT$6*$BW$5*(C3*0.001)*D8)/1000)/AQ8), 2) -> #DIV/0! | AT8: =ROUND((AS8/AO8),2) -> #DIV/0! | AU8: =ROUND((AT8/AP8), 2) -> #DIV/0! | AZ8: =INDEX('WEG Motor'!$B$3:$AZ$55, MATCH(AX8,'WEG Motor'!$A$3:$A$55,0), MATCH(AY8,'WEG Motor'!$B$2:$AZ$2,0))% -> #N/A | BA8: 0.92 | BD8: =ROUND(((($BT$6*$BW$5*(C3*0.001)*D8)/1000)/BB8), 2) -> #DIV/0! | BE8: =ROUND((BD8/AZ8),2) -> #DIV/0! | BF8: =ROUND((BE8/BA8), 2) -> #DIV/0! | BK8: =INDEX('WEG Motor'!$B$3:$AZ$55, MATCH(BI8,'WEG Motor'!$A$3:$A$55,0), MATCH(BJ8,'WEG Motor'!$B$2:$AZ$2,0))% -> #N/A | BL8: 0.92 | BO8: =ROUND(((($BT$6*$BW$5*(C3*0.001)*D8)/1000)/BM8), 2) -> #DIV/0! | BP8: =ROUND((BO8/BK8),2) -> #DIV/0! | BQ8: =ROUND((BP8/BL8), 2) -> #DIV/0!
D9: 45 | H9: =INDEX('WEG Motor'!$B$3:$AZ$55, MATCH(F9,'WEG Motor'!$A$3:$A$55,0), MATCH(G9,'WEG Motor'!$B$2:$AZ$2,0))% -> #N/A | I9: 0.92 | L9: =ROUND(((($BT$6*$BW$5*(C3*0.001)*D9)/1000)/J9), 2) -> #DIV/0! | M9: =ROUND((L9/H9),2) -> #DIV/0! | N9: =ROUND((M9/I9), 2) -> #DIV/0! | S9: =INDEX('WEG Motor'!$B$3:$AZ$55, MATCH(Q9,'WEG Motor'!$A$3:$A$55,0), MATCH(R9,'WEG Motor'!$B$2:$AZ$2,0))% -> #N/A | T9: 0.92 | W9: =ROUND(((($BT$6*$BW$5*(C3*0.001)*D9)/1000)/U9), 2) -> #DIV/0! | X9: =ROUND((W9/S9),2) -> #DIV/0! | Y9: =ROUND((X9/T9), 2) -> #DIV/0! | AD9: =INDEX('WEG Motor'!$B$3:$AZ$55, MATCH(AB9,'WEG Motor'!$A$3:$A$55,0), MATCH(AC9,'WEG Motor'!$B$2:$AZ$2,0))% -> #N/A | AE9: 0.92 | AH9: =ROUND(((($BT$6*$BW$5*(C3*0.001)*D9)/1000)/AF9), 2) -> #DIV/0! | AI9: =ROUND((AH9/AD9),2) -> #DIV/0! | AJ9: =ROUND((AI9/AE9), 2) -> #DIV/0! | AO9: =INDEX('WEG Motor'!$B$3:$AZ$55, MATCH(AM9,'WEG Motor'!$A$3:$A$55,0), MATCH(AN9,'WEG Motor'!$B$2:$AZ$2,0))% -> #N/A | AP9: 0.92 | AS9: =ROUND(((($BT$6*$BW$5*(C3*0.001)*D9)/1000)/AQ9), 2) -> #DIV/0! | AT9: =ROUND((AS9/AO9),2) -> #DIV/0! | AU9: =ROUND((AT9/AP9), 2) -> #DIV/0! | AZ9: =INDEX('WEG Motor'!$B$3:$AZ$55, MATCH(AX9,'WEG Motor'!$A$3:$A$55,0), MATCH(AY9,'WEG Motor'!$B$2:$AZ$2,0))% -> #N/A | BA9: 0.92 | BD9: =ROUND(((($BT$6*$BW$5*(C3*0.001)*D9)/1000)/BB9), 2) -> #DIV/0! | BE9: =ROUND((BD9/AZ9),2) -> #DIV/0! | BF9: =ROUND((BE9/BA9), 2) -> #DIV/0! | BK9: =INDEX('WEG Motor'!$B$3:$AZ$55, MATCH(BI9,'WEG Motor'!$A$3:$A$55,0), MATCH(BJ9,'WEG Motor'!$B$2:$AZ$2,0))% -> #N/A | BL9: 0.92 | BO9: =ROUND(((($BT$6*$BW$5*(C3*0.001)*D9)/1000)/BM9), 2) -> #DIV/0! | BP9: =ROUND((BO9/BK9),2) -> #DIV/0! | BQ9: =ROUND((BP9/BL9), 2) -> #DIV/0! | BS9: g | BT9: 9.81
A10: 1 | B10: 300 | C10: =ROUND((B10 * $BW$7 * 1000) / ($BT$6 * $BW$3 * $BW$4), 0) -> 36 | D10: 15 | H10: =INDEX('WEG Motor'!$B$3:$AZ$55, MATCH(F10,'WEG Motor'!$A$3:$A$55,0), MATCH(G10,'WEG Motor'!$B$2:$AZ$2,0))% -> #N/A | I10: 0.92 | L10: =ROUND(((($BT$6*$BW$5*(C10*0.001)*D10)/1000)/J10), 2) -> #DIV/0! | M10: =ROUND((L10/H10),2) -> #DIV/0! | N10: =ROUND((M10/I10), 2) -> #DIV/0! | P10: Atmos GIGA-B 100/230-7.5/4-L1 | Q10: 7.5 | R10: 4P | S10: =INDEX('WEG Motor'!$B$3:$AZ$55, MATCH(Q10,'WEG Motor'!$A$3:$A$55,0), MATCH(R10,'WEG Motor'!$B$2:$AZ$2,0))% -> 0.906 | T10: 0.92 | U10: 0.8076 | V10: 1.865 | W10: =ROUND(((($BT$6*$BW$5*(C10*0.001)*D10)/1000)/U10), 2) -> 6.56 | X10: =ROUND((W10/S10),2) -> 7.24 | Y10: =ROUND((X10/T10), 2) -> 7.87 | AA10: Atmos GIGA-N 100/250-7.5/4-L1 | AB10: 7.5 | AC10: 4P | AD10: =INDEX('WEG Motor'!$B$3:$AZ$55, MATCH(AB10,'WEG Motor'!$A$3:$A$55,0), MATCH(AC10,'WEG Motor'!$B$2:$AZ$2,0))% -> 0.906 | AE10: 0.92 | AF10: 0.8076 | AG10: 1.865 | AH10: =ROUND(((($BT$6*$BW$5*(C10*0.001)*D10)/1000)/AF10), 2) -> 6.56 | AI10: =ROUND((AH10/AD10),2) -> 7.24 | AJ10: =ROUND((AI10/AE10), 2) -> 7.87 | AL10: Atmos GIGA-IC 125/250-7.5/4-L1-GB3 | AM10: 7.5 | AN10: 4P | AO10: =INDEX('WEG Motor'!$B$3:$AZ$55, MATCH(AM10,'WEG Motor'!$A$3:$A$55,0), MATCH(AN10,'WEG Motor'!$B$2:$AZ$2,0))% -> 0.906 | AP10: 0.92 | AQ10: 0.8193 | AR10: 1.728 | AS10: =ROUND(((($BT$6*$BW$5*(C10*0.001)*D10)/1000)/AQ10), 2) -> 6.46 | AT10: =ROUND((AS10/AO10),2) -> 7.13 | AU10: =ROUND((AT10/AP10), 2) -> 7.75 | AX10: 7.5 | AY10: 4P | AZ10: =INDEX('WEG Motor'!$B$3:$AZ$55, MATCH(AX10,'WEG Motor'!$A$3:$A$55,0), MATCH(AY10,'WEG Motor'!$B$2:$AZ$2,0))% -> 0.906 | BA10: 0.92 | BB10: 0.8371 | BC10: 4.09 | BD10: =ROUND(((($BT$6*$BW$5*(C10*0.001)*D10)/1000)/BB10), 2) -> 6.33 | BE10: =ROUND((BD10/AZ10),2) -> 6.99 | BF10: =ROUND((BE10/BA10), 2) -> 7.6 | BK10: =INDEX('WEG Motor'!$B$3:$AZ$55, MATCH(BI10,'WEG Motor'!$A$3:$A$55,0), MATCH(BJ10,'WEG Motor'!$B$2:$AZ$2,0))% -> #N/A | BL10: 0.92 | BO10: =ROUND(((($BT$6*$BW$5*(C10*0.001)*D10)/1000)/BM10), 2) -> #DIV/0! | BP10: =ROUND((BO10/BK10),2) -> #DIV/0! | BQ10: =ROUND((BP10/BL10), 2) -> #DIV/0!
D11: 20 | H11: =INDEX('WEG Motor'!$B$3:$AZ$55, MATCH(F11,'WEG Motor'!$A$3:$A$55,0), MATCH(G11,'WEG Motor'!$B$2:$AZ$2,0))% -> #N/A | I11: 0.92 | L11: =ROUND(((($BT$6*$BW$5*(C10*0.001)*D11)/1000)/J11), 2) -> #DIV/0! | M11: =ROUND((L11/H11),2) -> #DIV/0! | N11: =ROUND((M11/I11), 2) -> #DIV/0! | P11: Atmos GIGA-B 100/240-11/4-L1 | Q11: 11 | R11: 4P | S11: =INDEX('WEG Motor'!$B$3:$AZ$55, MATCH(Q11,'WEG Motor'!$A$3:$A$55,0), MATCH(R11,'WEG Motor'!$B$2:$AZ$2,0))% -> 0.914 | T11: 0.92 | U11: 0.8281 | V11: 1.865 | W11: =ROUND(((($BT$6*$BW$5*(C10*0.001)*D11)/1000)/U11), 2) -> 8.53 | X11: =ROUND((W11/S11),2) -> 9.33 | Y11: =ROUND((X11/T11), 2) -> 10.14 | AA11: Atmos GIGA-N 100/250-11/4-L1 | AB11: 11 | AC11: 4P | AD11: =INDEX('WEG Motor'!$B$3:$AZ$55, MATCH(AB11,'WEG Motor'!$A$3:$A$55,0), MATCH(AC11,'WEG Motor'!$B$2:$AZ$2,0))% -> 0.914 | AE11: 0.92 | AF11: 0.8281 | AG11: 1.865 | AH11: =ROUND(((($BT$6*$BW$5*(C10*0.001)*D11)/1000)/AF11), 2) -> 8.53 | AI11: =ROUND((AH11/AD11),2) -> 9.33 | AJ11: =ROUND((AI11/AE11), 2) -> 10.14 | AL11: Atmos GIGA-IC 125/250-11/4-L1-GB3 | AM11: 11 | AN11: 4P | AO11: =INDEX('WEG Motor'!$B$3:$AZ$55, MATCH(AM11,'WEG Motor'!$A$3:$A$55,0), MATCH(AN11,'WEG Motor'!$B$2:$AZ$2,0))% -> 0.914 | AP11: 0.92 | AQ11: 0.8124 | AR11: 1.728 | AS11: =ROUND(((($BT$6*$BW$5*(C10*0.001)*D11)/1000)/AQ11), 2) -> 8.69 | AT11: =ROUND((AS11/AO11),2) -> 9.51 | AU11: =ROUND((AT11/AP11), 2) -> 10.34 | AZ11: =INDEX('WEG Motor'!$B$3:$AZ$55, MATCH(AX11,'WEG Motor'!$A$3:$A$55,0), MATCH(AY11,'WEG Motor'!$B$2:$AZ$2,0))% -> #N/A | BA11: 0.92 | BD11: =ROUND(((($BT$6*$BW$5*(C10*0.001)*D11)/1000)/BB11), 2) -> #DIV/0! | BE11: =ROUND((BD11/AZ11),2) -> #DIV/0! | BF11: =ROUND((BE11/BA11), 2) -> #DIV/0! | BK11: =INDEX('WEG Motor'!$B$3:$AZ$55, MATCH(BI11,'WEG Motor'!$A$3:$A$55,0), MATCH(BJ11,'WEG Motor'!$B$2:$AZ$2,0))% -> #N/A | BL11: 0.92 | BO11: =ROUND(((($BT$6*$BW$5*(C10*0.001)*D11)/1000)/BM11), 2) -> #DIV/0! | BP11: =ROUND((BO11/BK11),2) -> #DIV/0! | BQ11: =ROUND((BP11/BL11), 2) -> #DIV/0!
D12: 25 | H12: =INDEX('WEG Motor'!$B$3:$AZ$55, MATCH(F12,'WEG Motor'!$A$3:$A$55,0), MATCH(G12,'WEG Motor'!$B$2:$AZ$2,0))% -> #N/A | I12: 0.92 | L12: =ROUND(((($BT$6*$BW$5*(C10*0.001)*D12)/1000)/J12), 2) -> #DIV/0! | M12: =ROUND((L12/H12),2) -> #DIV/0! | N12: =ROUND((M12/I12), 2) -> #DIV/0! | P12: Atmos GIGA-B 100/250-15/4-L1 | Q12: 15 | R12: 4P | S12: =INDEX('WEG Motor'!$B$3:$AZ$55, MATCH(Q12,'WEG Motor'!$A$3:$A$55,0), MATCH(R12,'WEG Motor'!$B$2:$AZ$2,0))% -> 0.921 | T12: 0.92 | U12: 0.8207 | V12: 1.865 | W12: =ROUND(((($BT$6*$BW$5*(C10*0.001)*D12)/1000)/U12), 2) -> 10.76 | X12: =ROUND((W12/S12),2) -> 11.68 | Y12: =ROUND((X12/T12), 2) -> 12.7 | AA12: Atmos GIGA-N 100/250-15/4-L1 | AB12: 15 | AC12: 4P | AD12: =INDEX('WEG Motor'!$B$3:$AZ$55, MATCH(AB12,'WEG Motor'!$A$3:$A$55,0), MATCH(AC12,'WEG Motor'!$B$2:$AZ$2,0))% -> 0.921 | AE12: 0.92 | AF12: 0.8207 | AG12: 1.865 | AH12: =ROUND(((($BT$6*$BW$5*(C10*0.001)*D12)/1000)/AF12), 2) -> 10.76 | AI12: =ROUND((AH12/AD12),2) -> 11.68 | AJ12: =ROUND((AI12/AE12), 2) -> 12.7 | AL12: Atmos GIGA-IC 125/250-15/4-L1-GB3 | AM12: 15 | AN12: 4P | AO12: =INDEX('WEG Motor'!$B$3:$AZ$55, MATCH(AM12,'WEG Motor'!$A$3:$A$55,0), MATCH(AN12,'WEG Motor'!$B$2:$AZ$2,0))% -> 0.921 | AP12: 0.92 | AQ12: 0.8037 | AR12: 1.727 | AS12: =ROUND(((($BT$6*$BW$5*(C10*0.001)*D12)/1000)/AQ12), 2) -> 10.98 | AT12: =ROUND((AS12/AO12),2) -> 11.92 | AU12: =ROUND((AT12/AP12), 2) -> 12.96 | AZ12: =INDEX('WEG Motor'!$B$3:$AZ$55, MATCH(AX12,'WEG Motor'!$A$3:$A$55,0), MATCH(AY12,'WEG Motor'!$B$2:$AZ$2,0))% -> #N/A | BA12: 0.92 | BD12: =ROUND(((($BT$6*$BW$5*(C10*0.001)*D12)/1000)/BB12), 2) -> #DIV/0! | BE12: =ROUND((BD12/AZ12),2) -> #DIV/0! | BF12: =ROUND((BE12/BA12), 2) -> #DIV/0! | BK12: =INDEX('WEG Motor'!$B$3:$AZ$55, MATCH(BI12,'WEG Motor'!$A$3:$A$55,0), MATCH(BJ12,'WEG Motor'!$B$2:$AZ$2,0))% -> #N/A | BL12: 0.92 | BO12: =ROUND(((($BT$6*$BW$5*(C10*0.001)*D12)/1000)/BM12), 2) -> #DIV/0! | BP12: =ROUND((BO12/BK12),2) -> #DIV/0! | BQ12: =ROUND((BP12/BL12), 2) -> #DIV/0!
D13: 30 | H13: =INDEX('WEG Motor'!$B$3:$AZ$55, MATCH(F13,'WEG Motor'!$A$3:$A$55,0), MATCH(G13,'WEG Motor'!$B$2:$AZ$2,0))% -> #N/A | I13: 0.92 | L13: =ROUND(((($BT$6*$BW$5*(C10*0.001)*D13)/1000)/J13), 2) -> #DIV/0! | M13: =ROUND((L13/H13),2) -> #DIV/0! | N13: =ROUND((M13/I13), 2) -> #DIV/0! | S13: =INDEX('WEG Motor'!$B$3:$AZ$55, MATCH(Q13,'WEG Motor'!$A$3:$A$55,0), MATCH(R13,'WEG Motor'!$B$2:$AZ$2,0))% -> #N/A | T13: 0.92 | W13: =ROUND(((($BT$6*$BW$5*(C10*0.001)*D13)/1000)/U13), 2) -> #DIV/0! | X13: =ROUND((W13/S13),2) -> #DIV/0! | Y13: =ROUND((X13/T13), 2) -> #DIV/0! | AA13: Atmos GIGA-N 100/315-18.5/4-L1 | AB13: 18.5 | AC13: 4P | AD13: =INDEX('WEG Motor'!$B$3:$AZ$55, MATCH(AB13,'WEG Motor'!$A$3:$A$55,0), MATCH(AC13,'WEG Motor'!$B$2:$AZ$2,0))% -> 0.926 | AE13: 0.92 | AF13: 0.7922 | AG13: 1.95 | AH13: =ROUND(((($BT$6*$BW$5*(C10*0.001)*D13)/1000)/AF13), 2) -> 13.37 | AI13: =ROUND((AH13/AD13),2) -> 14.44 | AJ13: =ROUND((AI13/AE13), 2) -> 15.7 | AL13: Atmos GIGA-IC 125/315-18.5/4-L1-GB3 | AM13: 18.5 | AN13: 4P | AO13: =INDEX('WEG Motor'!$B$3:$AZ$55, MATCH(AM13,'WEG Motor'!$A$3:$A$55,0), MATCH(AN13,'WEG Motor'!$B$2:$AZ$2,0))% -> 0.926 | AP13: 0.92 | AQ13: 0.7796 | AR13: 2.562 | AS13: =ROUND(((($BT$6*$BW$5*(C10*0.001)*D13)/1000)/AQ13), 2) -> 13.59 | AT13: =ROUND((AS13/AO13),2) -> 14.68 | AU13: =ROUND((AT13/AP13), 2) -> 15.96 | AZ13: =INDEX('WEG Motor'!$B$3:$AZ$55, MATCH(AX13,'WEG Motor'!$A$3:$A$55,0), MATCH(AY13,'WEG Motor'!$B$2:$AZ$2,0))% -> #N/A | BA13: 0.92 | BD13: =ROUND(((($BT$6*$BW$5*(C10*0.001)*D13)/1000)/BB13), 2) -> #DIV/0! | BE13: =ROUND((BD13/AZ13),2) -> #DIV/0! | BF13: =ROUND((BE13/BA13), 2) -> #DIV/0! | BK13: =INDEX('WEG Motor'!$B$3:$AZ$55, MATCH(BI13,'WEG Motor'!$A$3:$A$55,0), MATCH(BJ13,'WEG Motor'!$B$2:$AZ$2,0))% -> #N/A | BL13: 0.92 | BO13: =ROUND(((($BT$6*$BW$5*(C10*0.001)*D13)/1000)/BM13), 2) -> #DIV/0! | BP13: =ROUND((BO13/BK13),2) -> #DIV/0! | BQ13: =ROUND((BP13/BL13), 2) -> #DIV/0!
D14: 35 | H14: =INDEX('WEG Motor'!$B$3:$AZ$55, MATCH(F14,'WEG Motor'!$A$3:$A$55,0), MATCH(G14,'WEG Motor'!$B$2:$AZ$2,0))% -> #N/A | I14: 0.92 | L14: =ROUND(((($BT$6*$BW$5*(C14*0.001)*D14)/1000)/J14), 2) -> #DIV/0! | M14: =ROUND((L14/H14),2) -> #DIV/0! | N14: =ROUND((M14/I14), 2) -> #DIV/0! | P14: Atmos GIGA-B 80/305-18.5/4-L1 | Q14: 18.5 | R14: 4P | S14: =INDEX('WEG Motor'!$B$3:$AZ$55, MATCH(Q14,'WEG Motor'!$A$3:$A$55,0), MATCH(R14,'WEG Motor'!$B$2:$AZ$2,0))% -> 0.926 | T14: 0.92 | U14: 0.7814 | V14: 3.705 | W14: =ROUND(((($BT$6*$BW$5*(C10*0.001)*D14)/1000)/U14), 2) -> 15.82 | X14: =ROUND((W14/S14),2) -> 17.08 | Y14: =ROUND((X14/T14), 2) -> 18.57 | AA14: Atmos GIGA-N 80/315-18.5/4-L1 | AB14: 18.5 | AC14: 4P | AD14: =INDEX('WEG Motor'!$B$3:$AZ$55, MATCH(AB14,'WEG Motor'!$A$3:$A$55,0), MATCH(AC14,'WEG Motor'!$B$2:$AZ$2,0))% -> 0.926 | AE14: 0.92 | AF14: 0.7814 | AG14: 3.705 | AH14: =ROUND(((($BT$6*$BW$5*(C10*0.001)*D14)/1000)/AF14), 2) -> 15.82 | AI14: =ROUND((AH14/AD14),2) -> 17.08 | AJ14: =ROUND((AI14/AE14), 2) -> 18.57 | AO14: =INDEX('WEG Motor'!$B$3:$AZ$55, MATCH(AM14,'WEG Motor'!$A$3:$A$55,0), MATCH(AN14,'WEG Motor'!$B$2:$AZ$2,0))% -> #N/A | AP14: 0.92 | AS14: =ROUND(((($BT$6*$BW$5*(C10*0.001)*D14)/1000)/AQ14), 2) -> #DIV/0! | AT14: =ROUND((AS14/AO14),2) -> #DIV/0! | AU14: =ROUND((AT14/AP14), 2) -> #DIV/0! | AZ14: =INDEX('WEG Motor'!$B$3:$AZ$55, MATCH(AX14,'WEG Motor'!$A$3:$A$55,0), MATCH(AY14,'WEG Motor'!$B$2:$AZ$2,0))% -> #N/A | BA14: 0.92 | BD14: =ROUND(((($BT$6*$BW$5*(C10*0.001)*D14)/1000)/BB14), 2) -> #DIV/0! | BE14: =ROUND((BD14/AZ14),2) -> #DIV/0! | BF14: =ROUND((BE14/BA14), 2) -> #DIV/0! | BK14: =INDEX('WEG Motor'!$B$3:$AZ$55, MATCH(BI14,'WEG Motor'!$A$3:$A$55,0), MATCH(BJ14,'WEG Motor'!$B$2:$AZ$2,0))% -> #N/A | BL14: 0.92 | BO14: =ROUND(((($BT$6*$BW$5*(C10*0.001)*D14)/1000)/BM14), 2) -> #DIV/0! | BP14: =ROUND((BO14/BK14),2) -> #DIV/0! | BQ14: =ROUND((BP14/BL14), 2) -> #DIV/0!
D15: 40 | H15: =INDEX('WEG Motor'!$B$3:$AZ$55, MATCH(F15,'WEG Motor'!$A$3:$A$55,0), MATCH(G15,'WEG Motor'!$B$2:$AZ$2,0))% -> #N/A | I15: 0.92 | L15: =ROUND(((($BT$6*$BW$5*(C10*0.001)*D15)/1000)/J15), 2) -> #DIV/0! | M15: =ROUND((L15/H15),2) -> #DIV/0! | N15: =ROUND((M15/I15), 2) -> #DIV/0! | S15: =INDEX('WEG Motor'!$B$3:$AZ$55, MATCH(Q15,'WEG Motor'!$A$3:$A$55,0), MATCH(R15,'WEG Motor'!$B$2:$AZ$2,0))% -> #N/A | T15: 0.92 | W15: =ROUND(((($BT$6*$BW$5*(C10*0.001)*D15)/1000)/U15), 2) -> #DIV/0! | X15: =ROUND((W15/S15),2) -> #DIV/0! | Y15: =ROUND((X15/T15), 2) -> #DIV/0! | AA15: Atmos GIGA-N 80/315-22/4-L1 | AB15: 22 | AC15: 4P | AD15: =INDEX('WEG Motor'!$B$3:$AZ$55, MATCH(AB15,'WEG Motor'!$A$3:$A$55,0), MATCH(AC15,'WEG Motor'!$B$2:$AZ$2,0))% -> 0.931 | AE15: 0.92 | AF15: 0.7766 | AG15: 3.705 | AH15: =ROUND(((($BT$6*$BW$5*(C10*0.001)*D15)/1000)/AF15), 2) -> 18.19 | AI15: =ROUND((AH15/AD15),2) -> 19.54 | AJ15: =ROUND((AI15/AE15), 2) -> 21.24 | AO15: =INDEX('WEG Motor'!$B$3:$AZ$55, MATCH(AM15,'WEG Motor'!$A$3:$A$55,0), MATCH(AN15,'WEG Motor'!$B$2:$AZ$2,0))% -> #N/A | AP15: 0.92 | AS15: =ROUND(((($BT$6*$BW$5*(C10*0.001)*D15)/1000)/AQ15), 2) -> #DIV/0! | AT15: =ROUND((AS15/AO15),2) -> #DIV/0! | AU15: =ROUND((AT15/AP15), 2) -> #DIV/0! | AZ15: =INDEX('WEG Motor'!$B$3:$AZ$55, MATCH(AX15,'WEG Motor'!$A$3:$A$55,0), MATCH(AY15,'WEG Motor'!$B$2:$AZ$2,0))% -> #N/A | BA15: 0.92 | BD15: =ROUND(((($BT$6*$BW$5*(C10*0.001)*D15)/1000)/BB15), 2) -> #DIV/0! | BE15: =ROUND((BD15/AZ15),2) -> #DIV/0! | BF15: =ROUND((BE15/BA15), 2) -> #DIV/0! | BK15: =INDEX('WEG Motor'!$B$3:$AZ$55, MATCH(BI15,'WEG Motor'!$A$3:$A$55,0), MATCH(BJ15,'WEG Motor'!$B$2:$AZ$2,0))% -> #N/A | BL15: 0.92 | BO15: =ROUND(((($BT$6*$BW$5*(C10*0.001)*D15)/1000)/BM15), 2) -> #DIV/0! | BP15: =ROUND((BO15/BK15),2) -> #DIV/0! | BQ15: =ROUND((BP15/BL15), 2) -> #DIV/0!
D16: 45 | H16: =INDEX('WEG Motor'!$B$3:$AZ$55, MATCH(F16,'WEG Motor'!$A$3:$A$55,0), MATCH(G16,'WEG Motor'!$B$2:$AZ$2,0))% -> #N/A | I16: 0.92 | L16: =ROUND(((($BT$6*$BW$5*(C10*0.001)*D16)/1000)/J16), 2) -> #DIV/0! | M16: =ROUND((L16/H16),2) -> #DIV/0! | N16: =ROUND((M16/I16), 2) -> #DIV/0! | S16: =INDEX('WEG Motor'!$B$3:$AZ$55, MATCH(Q16,'WEG Motor'!$A$3:$A$55,0), MATCH(R16,'WEG Motor'!$B$2:$AZ$2,0))% -> #N/A | T16: 0.92 | W16: =ROUND(((($BT$6*$BW$5*(C10*0.001)*D16)/1000)/U16), 2) -> #DIV/0! | X16: =ROUND((W16/S16),2) -> #DIV/0! | Y16: =ROUND((X16/T16), 2) -> #DIV/0! | AA16: Atmos GIGA-N 100/400-30/4-L1 | AB16: 30 | AC16: 4P | AD16: =INDEX('WEG Motor'!$B$3:$AZ$55, MATCH(AB16,'WEG Motor'!$A$3:$A$55,0), MATCH(AC16,'WEG Motor'!$B$2:$AZ$2,0))% -> 0.936 | AE16: 0.92 | AF16: 0.7178 | AG16: 2.845 | AH16: =ROUND(((($BT$6*$BW$5*(C10*0.001)*D16)/1000)/AF16), 2) -> 22.14 | AI16: =ROUND((AH16/AD16),2) -> 23.65 | AJ16: =ROUND((AI16/AE16), 2) -> 25.71 | AO16: =INDEX('WEG Motor'!$B$3:$AZ$55, MATCH(AM16,'WEG Motor'!$A$3:$A$55,0), MATCH(AN16,'WEG Motor'!$B$2:$AZ$2,0))% -> #N/A | AP16: 0.92 | AS16: =ROUND(((($BT$6*$BW$5*(C10*0.001)*D16)/1000)/AQ16), 2) -> #DIV/0! | AT16: =ROUND((AS16/AO16),2) -> #DIV/0! | AU16: =ROUND((AT16/AP16), 2) -> #DIV/0! | AZ16: =INDEX('WEG Motor'!$B$3:$AZ$55, MATCH(AX16,'WEG Motor'!$A$3:$A$55,0), MATCH(AY16,'WEG Motor'!$B$2:$AZ$2,0))% -> #N/A | BA16: 0.92 | BD16: =ROUND(((($BT$6*$BW$5*(C10*0.001)*D16)/1000)/BB16), 2) -> #DIV/0! | BE16: =ROUND((BD16/AZ16),2) -> #DIV/0! | BF16: =ROUND((BE16/BA16), 2) -> #DIV/0! | BK16: =INDEX('WEG Motor'!$B$3:$AZ$55, MATCH(BI16,'WEG Motor'!$A$3:$A$55,0), MATCH(BJ16,'WEG Motor'!$B$2:$AZ$2,0))% -> #N/A | BL16: 0.92 | BO16: =ROUND(((($BT$6*$BW$5*(C10*0.001)*D16)/1000)/BM16), 2) -> #DIV/0! | BP16: =ROUND((BO16/BK16),2) -> #DIV/0! | BQ16: =ROUND((BP16/BL16), 2) -> #DIV/0!
A17: 2 | B17: 350 | C17: =ROUND((B17 * $BW$7 * 1000) / ($BT$6 * $BW$3 * $BW$4), 0) -> 42 | D17: 15 | H17: =INDEX('WEG Motor'!$B$3:$AZ$55, MATCH(F17,'WEG Motor'!$A$3:$A$55,0), MATCH(G17,'WEG Motor'!$B$2:$AZ$2,0))% -> #N/A | I17: 0.92 | L17: =ROUND(((($BT$6*$BW$5*(C17*0.001)*D17)/1000)/J17), 2) -> #DIV/0! | M17: =ROUND((L17/H17),2) -> #DIV/0! | N17: =ROUND((M17/I17), 2) -> #DIV/0! | P17: Atmos GIGA-B 125/220-11/4-L1 | Q17: 11 | R17: 4P | S17: =INDEX('WEG Motor'!$B$3:$AZ$55, MATCH(Q17,'WEG Motor'!$A$3:$A$55,0), MATCH(R17,'WEG Motor'!$B$2:$AZ$2,0))% -> 0.914 | T17: 0.92 | U17: 0.7785 | V17: 2.541 | W17: =ROUND(((($BT$6*$BW$5*(C17*0.001)*D17)/1000)/U17), 2) -> 7.94 | X17: =ROUND((W17/S17),2) -> 8.69 | Y17: =ROUND((X17/T17), 2) -> 9.45 | AD17: =INDEX('WEG Motor'!$B$3:$AZ$55, MATCH(AB17,'WEG Motor'!$A$3:$A$55,0), MATCH(AC17,'WEG Motor'!$B$2:$AZ$2,0))% -> #N/A | AE17: 0.92 | AH17: =ROUND(((($BT$6*$BW$5*(C17*0.001)*D17)/1000)/AF17), 2) -> #DIV/0! | AI17: =ROUND((AH17/AD17),2) -> #DIV/0! | AJ17: =ROUND((AI17/AE17), 2) -> #DIV/0! | AO17: =INDEX('WEG Motor'!$B$3:$AZ$55, MATCH(AM17,'WEG Motor'!$A$3:$A$55,0), MATCH(AN17,'WEG Motor'!$B$2:$AZ$2,0))% -> #N/A | AP17: 0.92 | AS17: =ROUND(((($BT$6*$BW$5*(C17*0.001)*D17)/1000)/AQ17), 2) -> #DIV/0! | AT17: =ROUND((AS17/AO17),2) -> #DIV/0! | AU17: =ROUND((AT17/AP17), 2) -> #DIV/0! | AZ17: =INDEX('WEG Motor'!$B$3:$AZ$55, MATCH(AX17,'WEG Motor'!$A$3:$A$55,0), MATCH(AY17,'WEG Motor'!$B$2:$AZ$2,0))% -> #N/A | BA17: 0.92 | BD17: =ROUND(((($BT$6*$BW$5*(C17*0.001)*D17)/1000)/BB17), 2) -> #DIV/0! | BE17: =ROUND((BD17/AZ17),2) -> #DIV/0! | BF17: =ROUND((BE17/BA17), 2) -> #DIV/0! | BK17: =INDEX('WEG Motor'!$B$3:$AZ$55, MATCH(BI17,'WEG Motor'!$A$3:$A$55,0), MATCH(BJ17,'WEG Motor'!$B$2:$AZ$2,0))% -> #N/A | BL17: 0.92 | BO17: =ROUND(((($BT$6*$BW$5*(C17*0.001)*D17)/1000)/BM17), 2) -> #DIV/0! | BP17: =ROUND((BO17/BK17),2) -> #DIV/0! | BQ17: =ROUND((BP17/BL17), 2) -> #DIV/0!
D18: 20 | H18: =INDEX('WEG Motor'!$B$3:$AZ$55, MATCH(F18,'WEG Motor'!$A$3:$A$55,0), MATCH(G18,'WEG Motor'!$B$2:$AZ$2,0))% -> #N/A | I18: 0.92 | L18: =ROUND(((($BT$6*$BW$5*(C17*0.001)*D18)/1000)/J18), 2) -> #DIV/0! | M18: =ROUND((L18/H18),2) -> #DIV/0! | N18: =ROUND((M18/I18), 2) -> #DIV/0! | P18: Atmos GIGA-B 100/240-11/4-L1 | Q18: 11 | R18: 4P | S18: =INDEX('WEG Motor'!$B$3:$AZ$55, MATCH(Q18,'WEG Motor'!$A$3:$A$55,0), MATCH(R18,'WEG Motor'!$B$2:$AZ$2,0))% -> 0.914 | T18: 0.92 | U18: 0.8418 | V18: 2.032 | W18: =ROUND(((($BT$6*$BW$5*(C17*0.001)*D18)/1000)/U18), 2) -> 9.79 | X18: =ROUND((W18/S18),2) -> 10.71 | Y18: =ROUND((X18/T18), 2) -> 11.64 | AD18: =INDEX('WEG Motor'!$B$3:$AZ$55, MATCH(AB18,'WEG Motor'!$A$3:$A$55,0), MATCH(AC18,'WEG Motor'!$B$2:$AZ$2,0))% -> #N/A | AE18: 0.92 | AH18: =ROUND(((($BT$6*$BW$5*(C17*0.001)*D18)/1000)/AF18), 2) -> #DIV/0! | AI18: =ROUND((AH18/AD18),2) -> #DIV/0! | AJ18: =ROUND((AI18/AE18), 2) -> #DIV/0! | AO18: =INDEX('WEG Motor'!$B$3:$AZ$55, MATCH(AM18,'WEG Motor'!$A$3:$A$55,0), MATCH(AN18,'WEG Motor'!$B$2:$AZ$2,0))% -> #N/A | AP18: 0.92 | AS18: =ROUND(((($BT$6*$BW$5*(C17*0.001)*D18)/1000)/AQ18), 2) -> #DIV/0! | AT18: =ROUND((AS18/AO18),2) -> #DIV/0! | AU18: =ROUND((AT18/AP18), 2) -> #DIV/0! | AZ18: =INDEX('WEG Motor'!$B$3:$AZ$55, MATCH(AX18,'WEG Motor'!$A$3:$A$55,0), MATCH(AY18,'WEG Motor'!$B$2:$AZ$2,0))% -> #N/A | BA18: 0.92 | BD18: =ROUND(((($BT$6*$BW$5*(C17*0.001)*D18)/1000)/BB18), 2) -> #DIV/0! | BE18: =ROUND((BD18/AZ18),2) -> #DIV/0! | BF18: =ROUND((BE18/BA18), 2) -> #DIV/0! | BK18: =INDEX('WEG Motor'!$B$3:$AZ$55, MATCH(BI18,'WEG Motor'!$A$3:$A$55,0), MATCH(BJ18,'WEG Motor'!$B$2:$AZ$2,0))% -> #N/A | BL18: 0.92 | BO18: =ROUND(((($BT$6*$BW$5*(C17*0.001)*D18)/1000)/BM18), 2) -> #DIV/0! | BP18: =ROUND((BO18/BK18),2) -> #DIV/0! | BQ18: =ROUND((BP18/BL18), 2) -> #DIV/0!
D19: 25 | H19: =INDEX('WEG Motor'!$B$3:$AZ$55, MATCH(F19,'WEG Motor'!$A$3:$A$55,0), MATCH(G19,'WEG Motor'!$B$2:$AZ$2,0))% -> #N/A | I19: 0.92 | L19: =ROUND(((($BT$6*$BW$5*(C17*0.001)*D19)/1000)/J19), 2) -> #DIV/0! | M19: =ROUND((L19/H19),2) -> #DIV/0! | N19: =ROUND((M19/I19), 2) -> #DIV/0! | P19: Atmos GIGA-B 100/250-15/4-L1 | Q19: 15 | R19: 4P | S19: =INDEX('WEG Motor'!$B$3:$AZ$55, MATCH(Q19,'WEG Motor'!$A$3:$A$55,0), MATCH(R19,'WEG Motor'!$B$2:$AZ$2,0))% -> 0.921 | T19: 0.92 | U19: 0.8419 | V19: 2.032 | W19: =ROUND(((($BT$6*$BW$5*(C17*0.001)*D19)/1000)/U19), 2) -> 12.23 | X19: =ROUND((W19/S19),2) -> 13.28 | Y19: =ROUND((X19/T19), 2) -> 14.43 | AD19: =INDEX('WEG Motor'!$B$3:$AZ$55, MATCH(AB19,'WEG Motor'!$A$3:$A$55,0), MATCH(AC19,'WEG Motor'!$B$2:$AZ$2,0))% -> #N/A | AE19: 0.92 | AH19: =ROUND(((($BT$6*$BW$5*(C17*0.001)*D19)/1000)/AF19), 2) -> #DIV/0! | AI19: =ROUND((AH19/AD19),2) -> #DIV/0! | AJ19: =ROUND((AI19/AE19), 2) -> #DIV/0! | AO19: =INDEX('WEG Motor'!$B$3:$AZ$55, MATCH(AM19,'WEG Motor'!$A$3:$A$55,0), MATCH(AN19,'WEG Motor'!$B$2:$AZ$2,0))% -> #N/A | AP19: 0.92 | AS19: =ROUND(((($BT$6*$BW$5*(C17*0.001)*D19)/1000)/AQ19), 2) -> #DIV/0! | AT19: =ROUND((AS19/AO19),2) -> #DIV/0! | AU19: =ROUND((AT19/AP19), 2) -> #DIV/0! | AZ19: =INDEX('WEG Motor'!$B$3:$AZ$55, MATCH(AX19,'WEG Motor'!$A$3:$A$55,0), MATCH(AY19,'WEG Motor'!$B$2:$AZ$2,0))% -> #N/A | BA19: 0.92 | BD19: =ROUND(((($BT$6*$BW$5*(C17*0.001)*D19)/1000)/BB19), 2) -> #DIV/0! | BE19: =ROUND((BD19/AZ19),2) -> #DIV/0! | BF19: =ROUND((BE19/BA19), 2) -> #DIV/0! | BK19: =INDEX('WEG Motor'!$B$3:$AZ$55, MATCH(BI19,'WEG Motor'!$A$3:$A$55,0), MATCH(BJ19,'WEG Motor'!$B$2:$AZ$2,0))% -> #N/A | BL19: 0.92 | BO19: =ROUND(((($BT$6*$BW$5*(C17*0.001)*D19)/1000)/BM19), 2) -> #DIV/0! | BP19: =ROUND((BO19/BK19),2) -> #DIV/0! | BQ19: =ROUND((BP19/BL19), 2) -> #DIV/0!
D20: 30 | H20: =INDEX('WEG Motor'!$B$3:$AZ$55, MATCH(F20,'WEG Motor'!$A$3:$A$55,0), MATCH(G20,'WEG Motor'!$B$2:$AZ$2,0))% -> #N/A | I20: 0.92 | L20: =ROUND(((($BT$6*$BW$5*(C17*0.001)*D20)/1000)/J20), 2) -> #DIV/0! | M20: =ROUND((L20/H20),2) -> #DIV/0! | N20: =ROUND((M20/I20), 2) -> #DIV/0! | P20: Atmos GIGA-B 100/295-18.5/4-L1 | Q20: 18.5 | R20: 4P | S20: =INDEX('WEG Motor'!$B$3:$AZ$55, MATCH(Q20,'WEG Motor'!$A$3:$A$55,0), MATCH(R20,'WEG Motor'!$B$2:$AZ$2,0))% -> 0.926 | T20: 0.92 | U20: 0.8178 | V20: 2.212 | W20: =ROUND(((($BT$6*$BW$5*(C17*0.001)*D20)/1000)/U20), 2) -> 15.11 | X20: =ROUND((W20/S20),2) -> 16.32 | Y20: =ROUND((X20/T20), 2) -> 17.74 | AD20: =INDEX('WEG Motor'!$B$3:$AZ$55, MATCH(AB20,'WEG Motor'!$A$3:$A$55,0), MATCH(AC20,'WEG Motor'!$B$2:$AZ$2,0))% -> #N/A | AE20: 0.92 | AH20: =ROUND(((($BT$6*$BW$5*(C17*0.001)*D20)/1000)/AF20), 2) -> #DIV/0! | AI20: =ROUND((AH20/AD20),2) -> #DIV/0! | AJ20: =ROUND((AI20/AE20), 2) -> #DIV/0! | AO20: =INDEX('WEG Motor'!$B$3:$AZ$55, MATCH(AM20,'WEG Motor'!$A$3:$A$55,0), MATCH(AN20,'WEG Motor'!$B$2:$AZ$2,0))% -> #N/A | AP20: 0.92 | AS20: =ROUND(((($BT$6*$BW$5*(C17*0.001)*D20)/1000)/AQ20), 2) -> #DIV/0! | AT20: =ROUND((AS20/AO20),2) -> #DIV/0! | AU20: =ROUND((AT20/AP20), 2) -> #DIV/0! | AZ20: =INDEX('WEG Motor'!$B$3:$AZ$55, MATCH(AX20,'WEG Motor'!$A$3:$A$55,0), MATCH(AY20,'WEG Motor'!$B$2:$AZ$2,0))% -> #N/A | BA20: 0.92 | BD20: =ROUND(((($BT$6*$BW$5*(C17*0.001)*D20)/1000)/BB20), 2) -> #DIV/0! | BE20: =ROUND((BD20/AZ20),2) -> #DIV/0! | BF20: =ROUND((BE20/BA20), 2) -> #DIV/0! | BK20: =INDEX('WEG Motor'!$B$3:$AZ$55, MATCH(BI20,'WEG Motor'!$A$3:$A$55,0), MATCH(BJ20,'WEG Motor'!$B$2:$AZ$2,0))% -> #N/A | BL20: 0.92 | BO20: =ROUND(((($BT$6*$BW$5*(C17*0.001)*D20)/1000)/BM20), 2) -> #DIV/0! | BP20: =ROUND((BO20/BK20),2) -> #DIV/0! | BQ20: =ROUND((BP20/BL20), 2) -> #DIV/0!
D21: 35 | H21: =INDEX('WEG Motor'!$B$3:$AZ$55, MATCH(F21,'WEG Motor'!$A$3:$A$55,0), MATCH(G21,'WEG Motor'!$B$2:$AZ$2,0))% -> #N/A | I21: 0.92 | L21: =ROUND(((($BT$6*$BW$5*(C21*0.001)*D21)/1000)/J21), 2) -> #DIV/0! | M21: =ROUND((L21/H21),2) -> #DIV/0! | N21: =ROUND((M21/I21), 2) -> #DIV/0! | P21: Atmos GIGA-B 100/305-22/4-L1 | Q21: 22 | R21: 4P | S21: =INDEX('WEG Motor'!$B$3:$AZ$55, MATCH(Q21,'WEG Motor'!$A$3:$A$55,0), MATCH(R21,'WEG Motor'!$B$2:$AZ$2,0))% -> 0.931 | T21: 0.92 | U21: 0.8045 | V21: 2.221 | W21: =ROUND(((($BT$6*$BW$5*(C17*0.001)*D21)/1000)/U21), 2) -> 17.92 | X21: =ROUND((W21/S21),2) -> 19.25 | Y21: =ROUND((X21/T21), 2) -> 20.92 | AD21: =INDEX('WEG Motor'!$B$3:$AZ$55, MATCH(AB21,'WEG Motor'!$A$3:$A$55,0), MATCH(AC21,'WEG Motor'!$B$2:$AZ$2,0))% -> #N/A | AE21: 0.92 | AH21: =ROUND(((($BT$6*$BW$5*(C17*0.001)*D21)/1000)/AF21), 2) -> #DIV/0! | AI21: =ROUND((AH21/AD21),2) -> #DIV/0! | AJ21: =ROUND((AI21/AE21), 2) -> #DIV/0! | AO21: =INDEX('WEG Motor'!$B$3:$AZ$55, MATCH(AM21,'WEG Motor'!$A$3:$A$55,0), MATCH(AN21,'WEG Motor'!$B$2:$AZ$2,0))% -> #N/A | AP21: 0.92 | AS21: =ROUND(((($BT$6*$BW$5*(C17*0.001)*D21)/1000)/AQ21), 2) -> #DIV/0! | AT21: =ROUND((AS21/AO21),2) -> #DIV/0! | AU21: =ROUND((AT21/AP21), 2) -> #DIV/0! | AZ21: =INDEX('WEG Motor'!$B$3:$AZ$55, MATCH(AX21,'WEG Motor'!$A$3:$A$55,0), MATCH(AY21,'WEG Motor'!$B$2:$AZ$2,0))% -> #N/A | BA21: 0.92 | BD21: =ROUND(((($BT$6*$BW$5*(C17*0.001)*D21)/1000)/BB21), 2) -> #DIV/0! | BE21: =ROUND((BD21/AZ21),2) -> #DIV/0! | BF21: =ROUND((BE21/BA21), 2) -> #DIV/0! | BK21: =INDEX('WEG Motor'!$B$3:$AZ$55, MATCH(BI21,'WEG Motor'!$A$3:$A$55,0), MATCH(BJ21,'WEG Motor'!$B$2:$AZ$2,0))% -> #N/A | BL21: 0.92 | BO21: =ROUND(((($BT$6*$BW$5*(C17*0.001)*D21)/1000)/BM21), 2) -> #DIV/0! | BP21: =ROUND((BO21/BK21),2) -> #DIV/0! | BQ21: =ROUND((BP21/BL21), 2) -> #DIV/0!
D22: 40 | H22: =INDEX('WEG Motor'!$B$3:$AZ$55, MATCH(F22,'WEG Motor'!$A$3:$A$55,0), MATCH(G22,'WEG Motor'!$B$2:$AZ$2,0))% -> #N/A | I22: 0.92 | L22: =ROUND(((($BT$6*$BW$5*(C17*0.001)*D22)/1000)/J22), 2) -> #DIV/0! | M22: =ROUND((L22/H22),2) -> #DIV/0! | N22: =ROUND((M22/I22), 2) -> #DIV/0! | P22: Atmos GIGA-B 100/315-30/4-L1 | Q22: 30 | R22: 4P | S22: =INDEX('WEG Motor'!$B$3:$AZ$55, MATCH(Q22,'WEG Motor'!$A$3:$A$55,0), MATCH(R22,'WEG Motor'!$B$2:$AZ$2,0))% -> 0.936 | T22: 0.92 | U22: 0.7806 | V22: 2.214 | W22: =ROUND(((($BT$6*$BW$5*(C17*0.001)*D22)/1000)/U22), 2) -> 21.11 | X22: =ROUND((W22/S22),2) -> 22.55 | Y22: =ROUND((X22/T22), 2) -> 24.51 | AD22: =INDEX('WEG Motor'!$B$3:$AZ$55, MATCH(AB22,'WEG Motor'!$A$3:$A$55,0), MATCH(AC22,'WEG Motor'!$B$2:$AZ$2,0))% -> #N/A | AE22: 0.92 | AH22: =ROUND(((($BT$6*$BW$5*(C17*0.001)*D22)/1000)/AF22), 2) -> #DIV/0! | AI22: =ROUND((AH22/AD22),2) -> #DIV/0! | AJ22: =ROUND((AI22/AE22), 2) -> #DIV/0! | AO22: =INDEX('WEG Motor'!$B$3:$AZ$55, MATCH(AM22,'WEG Motor'!$A$3:$A$55,0), MATCH(AN22,'WEG Motor'!$B$2:$AZ$2,0))% -> #N/A | AP22: 0.92 | AS22: =ROUND(((($BT$6*$BW$5*(C17*0.001)*D22)/1000)/AQ22), 2) -> #DIV/0! | AT22: =ROUND((AS22/AO22),2) -> #DIV/0! | AU22: =ROUND((AT22/AP22), 2) -> #DIV/0! | AZ22: =INDEX('WEG Motor'!$B$3:$AZ$55, MATCH(AX22,'WEG Motor'!$A$3:$A$55,0), MATCH(AY22,'WEG Motor'!$B$2:$AZ$2,0))% -> #N/A | BA22: 0.92 | BD22: =ROUND(((($BT$6*$BW$5*(C17*0.001)*D22)/1000)/BB22), 2) -> #DIV/0! | BE22: =ROUND((BD22/AZ22),2) -> #DIV/0! | BF22: =ROUND((BE22/BA22), 2) -> #DIV/0! | BK22: =INDEX('WEG Motor'!$B$3:$AZ$55, MATCH(BI22,'WEG Motor'!$A$3:$A$55,0), MATCH(BJ22,'WEG Motor'!$B$2:$AZ$2,0))% -> #N/A | BL22: 0.92 | BO22: =ROUND(((($BT$6*$BW$5*(C17*0.001)*D22)/1000)/BM22), 2) -> #DIV/0! | BP22: =ROUND((BO22/BK22),2) -> #DIV/0! | BQ22: =ROUND((BP22/BL22), 2) -> #DIV/0!
D23: 45 | H23: =INDEX('WEG Motor'!$B$3:$AZ$55, MATCH(F23,'WEG Motor'!$A$3:$A$55,0), MATCH(G23,'WEG Motor'!$B$2:$AZ$2,0))% -> #N/A | I23: 0.92 | L23: =ROUND(((($BT$6*$BW$5*(C17*0.001)*D23)/1000)/J23), 2) -> #DIV/0! | M23: =ROUND((L23/H23),2) -> #DIV/0! | N23: =ROUND((M23/I23), 2) -> #DIV/0! | P23: Atmos GIGA-B 100/380-30/4-L1 | Q23: 30 | R23: 4P | S23: =INDEX('WEG Motor'!$B$3:$AZ$55, MATCH(Q23,'WEG Motor'!$A$3:$A$55,0), MATCH(R23,'WEG Motor'!$B$2:$AZ$2,0))% -> 0.936 | T23: 0.92 | U23: 0.7426 | V23: 2.998 | W23: =ROUND(((($BT$6*$BW$5*(C17*0.001)*D23)/1000)/U23), 2) -> 24.96 | X23: =ROUND((W23/S23),2) -> 26.67 | Y23: =ROUND((X23/T23), 2) -> 28.99 | AD23: =INDEX('WEG Motor'!$B$3:$AZ$55, MATCH(AB23,'WEG Motor'!$A$3:$A$55,0), MATCH(AC23,'WEG Motor'!$B$2:$AZ$2,0))% -> #N/A | AE23: 0.92 | AH23: =ROUND(((($BT$6*$BW$5*(C17*0.001)*D23)/1000)/AF23), 2) -> #DIV/0! | AI23: =ROUND((AH23/AD23),2) -> #DIV/0! | AJ23: =ROUND((AI23/AE23), 2) -> #DIV/0! | AO23: =INDEX('WEG Motor'!$B$3:$AZ$55, MATCH(AM23,'WEG Motor'!$A$3:$A$55,0), MATCH(AN23,'WEG Motor'!$B$2:$AZ$2,0))% -> #N/A | AP23: 0.92 | AS23: =ROUND(((($BT$6*$BW$5*(C17*0.001)*D23)/1000)/AQ23), 2) -> #DIV/0! | AT23: =ROUND((AS23/AO23),2) -> #DIV/0! | AU23: =ROUND((AT23/AP23), 2) -> #DIV/0! | AZ23: =INDEX('WEG Motor'!$B$3:$AZ$55, MATCH(AX23,'WEG Motor'!$A$3:$A$55,0), MATCH(AY23,'WEG Motor'!$B$2:$AZ$2,0))% -> #N/A | BA23: 0.92 | BD23: =ROUND(((($BT$6*$BW$5*(C17*0.001)*D23)/1000)/BB23), 2) -> #DIV/0! | BE23: =ROUND((BD23/AZ23),2) -> #DIV/0! | BF23: =ROUND((BE23/BA23), 2) -> #DIV/0! | BK23: =INDEX('WEG Motor'!$B$3:$AZ$55, MATCH(BI23,'WEG Motor'!$A$3:$A$55,0), MATCH(BJ23,'WEG Motor'!$B$2:$AZ$2,0))% -> #N/A | BL23: 0.92 | BO23: =ROUND(((($BT$6*$BW$5*(C17*0.001)*D23)/1000)/BM23), 2) -> #DIV/0! | BP23: =ROUND((BO23/BK23),2) -> #DIV/0! | BQ23: =ROUND((BP23/BL23), 2) -> #DIV/0!
A24: 3 | B24: 400 | C24: =ROUND((B24 * $BW$7 * 1000) / ($BT$6 * $BW$3 * $BW$4), 0) -> 48 | D24: 15 | H24: =INDEX('WEG Motor'!$B$3:$AZ$55, MATCH(F24,'WEG Motor'!$A$3:$A$55,0), MATCH(G24,'WEG Motor'!$B$2:$AZ$2,0))% -> #N/A | I24: 0.92 | L24: =ROUND(((($BT$6*$BW$5*(C24*0.001)*D24)/1000)/J24), 2) -> #DIV/0! | M24: =ROUND((L24/H24),2) -> #DIV/0! | N24: =ROUND((M24/I24), 2) -> #DIV/0! | P24: Atmos GIGA-B 125/220-11/4-L1 | Q24: 11 | R24: 4P | S24: =INDEX('WEG Motor'!$B$3:$AZ$55, MATCH(Q24,'WEG Motor'!$A$3:$A$55,0), MATCH(R24,'WEG Motor'!$B$2:$AZ$2,0))% -> 0.914 | T24: 0.92 | U24: 0.815 | V24: 2.549 | W24: =ROUND(((($BT$6*$BW$5*(C24*0.001)*D24)/1000)/U24), 2) -> 8.66 | X24: =ROUND((W24/S24),2) -> 9.47 | Y24: =ROUND((X24/T24), 2) -> 10.29 | AD24: =INDEX('WEG Motor'!$B$3:$AZ$55, MATCH(AB24,'WEG Motor'!$A$3:$A$55,0), MATCH(AC24,'WEG Motor'!$B$2:$AZ$2,0))% -> #N/A | AE24: 0.92 | AH24: =ROUND(((($BT$6*$BW$5*(C24*0.001)*D24)/1000)/AF24), 2) -> #DIV/0! | AI24: =ROUND((AH24/AD24),2) -> #DIV/0! | AJ24: =ROUND((AI24/AE24), 2) -> #DIV/0! | AO24: =INDEX('WEG Motor'!$B$3:$AZ$55, MATCH(AM24,'WEG Motor'!$A$3:$A$55,0), MATCH(AN24,'WEG Motor'!$B$2:$AZ$2,0))% -> #N/A | AP24: 0.92 | AS24: =ROUND(((($BT$6*$BW$5*(C24*0.001)*D24)/1000)/AQ24), 2) -> #DIV/0! | AT24: =ROUND((AS24/AO24),2) -> #DIV/0! | AU24: =ROUND((AT24/AP24), 2) -> #DIV/0! | AZ24: =INDEX('WEG Motor'!$B$3:$AZ$55, MATCH(AX24,'WEG Motor'!$A$3:$A$55,0), MATCH(AY24,'WEG Motor'!$B$2:$AZ$2,0))% -> #N/A | BA24: 0.92 | BD24: =ROUND(((($BT$6*$BW$5*(C24*0.001)*D24)/1000)/BB24), 2) -> #DIV/0! | BE24: =ROUND((BD24/AZ24),2) -> #DIV/0! | BF24: =ROUND((BE24/BA24), 2) -> #DIV/0! | BK24: =INDEX('WEG Motor'!$B$3:$AZ$55, MATCH(BI24,'WEG Motor'!$A$3:$A$55,0), MATCH(BJ24,'WEG Motor'!$B$2:$AZ$2,0))% -> #N/A | BL24: 0.92 | BO24: =ROUND(((($BT$6*$BW$5*(C24*0.001)*D24)/1000)/BM24), 2) -> #DIV/0! | BP24: =ROUND((BO24/BK24),2) -> #DIV/0! | BQ24: =ROUND((BP24/BL24), 2) -> #DIV/0!
D25: 20 | H25: =INDEX('WEG Motor'!$B$3:$AZ$55, MATCH(F25,'WEG Motor'!$A$3:$A$55,0), MATCH(G25,'WEG Motor'!$B$2:$AZ$2,0))% -> #N/A | I25: 0.92 | L25: =ROUND(((($BT$6*$BW$5*(C24*0.001)*D25)/1000)/J25), 2) -> #DIV/0! | M25: =ROUND((L25/H25),2) -> #DIV/0! | N25: =ROUND((M25/I25), 2) -> #DIV/0! | P25: Atmos GIGA-B 125/272-15/4-L1 | Q25: 15 | R25: 4P | S25: =INDEX('WEG Motor'!$B$3:$AZ$55, MATCH(Q25,'WEG Motor'!$A$3:$A$55,0), MATCH(R25,'WEG Motor'!$B$2:$AZ$2,0))% -> 0.921 | T25: 0.92 | U25: 0.8082 | V25: 2.396 | W25: =ROUND(((($BT$6*$BW$5*(C24*0.001)*D25)/1000)/U25), 2) -> 11.65 | X25: =ROUND((W25/S25),2) -> 12.65 | Y25: =ROUND((X25/T25), 2) -> 13.75 | AD25: =INDEX('WEG Motor'!$B$3:$AZ$55, MATCH(AB25,'WEG Motor'!$A$3:$A$55,0), MATCH(AC25,'WEG Motor'!$B$2:$AZ$2,0))% -> #N/A | AE25: 0.92 | AH25: =ROUND(((($BT$6*$BW$5*(C24*0.001)*D25)/1000)/AF25), 2) -> #DIV/0! | AI25: =ROUND((AH25/AD25),2) -> #DIV/0! | AJ25: =ROUND((AI25/AE25), 2) -> #DIV/0! | AO25: =INDEX('WEG Motor'!$B$3:$AZ$55, MATCH(AM25,'WEG Motor'!$A$3:$A$55,0), MATCH(AN25,'WEG Motor'!$B$2:$AZ$2,0))% -> #N/A | AP25: 0.92 | AS25: =ROUND(((($BT$6*$BW$5*(C24*0.001)*D25)/1000)/AQ25), 2) -> #DIV/0! | AT25: =ROUND((AS25/AO25),2) -> #DIV/0! | AU25: =ROUND((AT25/AP25), 2) -> #DIV/0! | AZ25: =INDEX('WEG Motor'!$B$3:$AZ$55, MATCH(AX25,'WEG Motor'!$A$3:$A$55,0), MATCH(AY25,'WEG Motor'!$B$2:$AZ$2,0))% -> #N/A | BA25: 0.92 | BD25: =ROUND(((($BT$6*$BW$5*(C24*0.001)*D25)/1000)/BB25), 2) -> #DIV/0! | BE25: =ROUND((BD25/AZ25),2) -> #DIV/0! | BF25: =ROUND((BE25/BA25), 2) -> #DIV/0! | BK25: =INDEX('WEG Motor'!$B$3:$AZ$55, MATCH(BI25,'WEG Motor'!$A$3:$A$55,0), MATCH(BJ25,'WEG Motor'!$B$2:$AZ$2,0))% -> #N/A | BL25: 0.92 | BO25: =ROUND(((($BT$6*$BW$5*(C24*0.001)*D25)/1000)/BM25), 2) -> #DIV/0! | BP25: =ROUND((BO25/BK25),2) -> #DIV/0! | BQ25: =ROUND((BP25/BL25), 2) -> #DIV/0!
D26: 25 | H26: =INDEX('WEG Motor'!$B$3:$AZ$55, MATCH(F26,'WEG Motor'!$A$3:$A$55,0), MATCH(G26,'WEG Motor'!$B$2:$AZ$2,0))% -> #N/A | I26: 0.92 | L26: =ROUND(((($BT$6*$BW$5*(C24*0.001)*D26)/1000)/J26), 2) -> #DIV/0! | M26: =ROUND((L26/H26),2) -> #DIV/0! | N26: =ROUND((M26/I26), 2) -> #DIV/0! | P26: Atmos GIGA-B 100/295-18.5/4-L1 | Q26: 18.5 | R26: 4P | S26: =INDEX('WEG Motor'!$B$3:$AZ$55, MATCH(Q26,'WEG Motor'!$A$3:$A$55,0), MATCH(R26,'WEG Motor'!$B$2:$AZ$2,0))% -> 0.926 | T26: 0.92 | U26: 0.8223 | V26: 2.638 | W26: =ROUND(((($BT$6*$BW$5*(C24*0.001)*D26)/1000)/U26), 2) -> 14.31 | X26: =ROUND((W26/S26),2) -> 15.45 | Y26: =ROUND((X26/T26), 2) -> 16.79 | AD26: =INDEX('WEG Motor'!$B$3:$AZ$55, MATCH(AB26,'WEG Motor'!$A$3:$A$55,0), MATCH(AC26,'WEG Motor'!$B$2:$AZ$2,0))% -> #N/A | AE26: 0.92 | AH26: =ROUND(((($BT$6*$BW$5*(C24*0.001)*D26)/1000)/AF26), 2) -> #DIV/0! | AI26: =ROUND((AH26/AD26),2) -> #DIV/0! | AJ26: =ROUND((AI26/AE26), 2) -> #DIV/0! | AO26: =INDEX('WEG Motor'!$B$3:$AZ$55, MATCH(AM26,'WEG Motor'!$A$3:$A$55,0), MATCH(AN26,'WEG Motor'!$B$2:$AZ$2,0))% -> #N/A | AP26: 0.92 | AS26: =ROUND(((($BT$6*$BW$5*(C24*0.001)*D26)/1000)/AQ26), 2) -> #DIV/0! | AT26: =ROUND((AS26/AO26),2) -> #DIV/0! | AU26: =ROUND((AT26/AP26), 2) -> #DIV/0! | AZ26: =INDEX('WEG Motor'!$B$3:$AZ$55, MATCH(AX26,'WEG Motor'!$A$3:$A$55,0), MATCH(AY26,'WEG Motor'!$B$2:$AZ$2,0))% -> #N/A | BA26: 0.92 | BD26: =ROUND(((($BT$6*$BW$5*(C24*0.001)*D26)/1000)/BB26), 2) -> #DIV/0! | BE26: =ROUND((BD26/AZ26),2) -> #DIV/0! | BF26: =ROUND((BE26/BA26), 2) -> #DIV/0! | BK26: =INDEX('WEG Motor'!$B$3:$AZ$55, MATCH(BI26,'WEG Motor'!$A$3:$A$55,0), MATCH(BJ26,'WEG Motor'!$B$2:$AZ$2,0))% -> #N/A | BL26: 0.92 | BO26: =ROUND(((($BT$6*$BW$5*(C24*0.001)*D26)/1000)/BM26), 2) -> #DIV/0! | BP26: =ROUND((BO26/BK26),2) -> #DIV/0! | BQ26: =ROUND((BP26/BL26), 2) -> #DIV/0!
D27: 30 | H27: =INDEX('WEG Motor'!$B$3:$AZ$55, MATCH(F27,'WEG Motor'!$A$3:$A$55,0), MATCH(G27,'WEG Motor'!$B$2:$AZ$2,0))% -> #N/A | I27: 0.92 | L27: =ROUND(((($BT$6*$BW$5*(C24*0.001)*D27)/1000)/J27), 2) -> #DIV/0! | M27: =ROUND((L27/H27),2) -> #DIV/0! | N27: =ROUND((M27/I27), 2) -> #DIV/0! | P27: Atmos GIGA-B 100/305-22/4-L | Q27: 22 | R27: 4P | S27: =INDEX('WEG Motor'!$B$3:$AZ$55, MATCH(Q27,'WEG Motor'!$A$3:$A$55,0), MATCH(R27,'WEG Motor'!$B$2:$AZ$2,0))% -> 0.931 | T27: 0.92 | U27: 0.8307 | V27: 2.638 | W27: =ROUND(((($BT$6*$BW$5*(C24*0.001)*D27)/1000)/U27), 2) -> 17 | X27: =ROUND((W27/S27),2) -> 18.26 | Y27: =ROUND((X27/T27), 2) -> 19.85 | AD27: =INDEX('WEG Motor'!$B$3:$AZ$55, MATCH(AB27,'WEG Motor'!$A$3:$A$55,0), MATCH(AC27,'WEG Motor'!$B$2:$AZ$2,0))% -> #N/A | AE27: 0.92 | AH27: =ROUND(((($BT$6*$BW$5*(C24*0.001)*D27)/1000)/AF27), 2) -> #DIV/0! | AI27: =ROUND((AH27/AD27),2) -> #DIV/0! | AJ27: =ROUND((AI27/AE27), 2) -> #DIV/0! | AO27: =INDEX('WEG Motor'!$B$3:$AZ$55, MATCH(AM27,'WEG Motor'!$A$3:$A$55,0), MATCH(AN27,'WEG Motor'!$B$2:$AZ$2,0))% -> #N/A | AP27: 0.92 | AS27: =ROUND(((($BT$6*$BW$5*(C24*0.001)*D27)/1000)/AQ27), 2) -> #DIV/0! | AT27: =ROUND((AS27/AO27),2) -> #DIV/0! | AU27: =ROUND((AT27/AP27), 2) -> #DIV/0! | AZ27: =INDEX('WEG Motor'!$B$3:$AZ$55, MATCH(AX27,'WEG Motor'!$A$3:$A$55,0), MATCH(AY27,'WEG Motor'!$B$2:$AZ$2,0))% -> #N/A | BA27: 0.92 | BD27: =ROUND(((($BT$6*$BW$5*(C24*0.001)*D27)/1000)/BB27), 2) -> #DIV/0! | BE27: =ROUND((BD27/AZ27),2) -> #DIV/0! | BF27: =ROUND((BE27/BA27), 2) -> #DIV/0! | BK27: =INDEX('WEG Motor'!$B$3:$AZ$55, MATCH(BI27,'WEG Motor'!$A$3:$A$55,0), MATCH(BJ27,'WEG Motor'!$B$2:$AZ$2,0))% -> #N/A | BL27: 0.92 | BO27: =ROUND(((($BT$6*$BW$5*(C24*0.001)*D27)/1000)/BM27), 2) -> #DIV/0! | BP27: =ROUND((BO27/BK27),2) -> #DIV/0! | BQ27: =ROUND((BP27/BL27), 2) -> #DIV/0!
D28: 35 | H28: =INDEX('WEG Motor'!$B$3:$AZ$55, MATCH(F28,'WEG Motor'!$A$3:$A$55,0), MATCH(G28,'WEG Motor'!$B$2:$AZ$2,0))% -> #N/A | I28: 0.92 | L28: =ROUND(((($BT$6*$BW$5*(C28*0.001)*D28)/1000)/J28), 2) -> #DIV/0! | M28: =ROUND((L28/H28),2) -> #DIV/0! | N28: =ROUND((M28/I28), 2) -> #DIV/0! | P28: Atmos GIGA-B 100/315-30/4-L1 | Q28: 30 | R28: 4P | S28: =INDEX('WEG Motor'!$B$3:$AZ$55, MATCH(Q28,'WEG Motor'!$A$3:$A$55,0), MATCH(R28,'WEG Motor'!$B$2:$AZ$2,0))% -> 0.936 | T28: 0.92 | U28: 0.822 | V28: 2.66 | W28: =ROUND(((($BT$6*$BW$5*(C24*0.001)*D28)/1000)/U28), 2) -> 20.05 | X28: =ROUND((W28/S28),2) -> 21.42 | Y28: =ROUND((X28/T28), 2) -> 23.28 | AD28: =INDEX('WEG Motor'!$B$3:$AZ$55, MATCH(AB28,'WEG Motor'!$A$3:$A$55,0), MATCH(AC28,'WEG Motor'!$B$2:$AZ$2,0))% -> #N/A | AE28: 0.92 | AH28: =ROUND(((($BT$6*$BW$5*(C24*0.001)*D28)/1000)/AF28), 2) -> #DIV/0! | AI28: =ROUND((AH28/AD28),2) -> #DIV/0! | AJ28: =ROUND((AI28/AE28), 2) -> #DIV/0! | AO28: =INDEX('WEG Motor'!$B$3:$AZ$55, MATCH(AM28,'WEG Motor'!$A$3:$A$55,0), MATCH(AN28,'WEG Motor'!$B$2:$AZ$2,0))% -> #N/A | AP28: 0.92 | AS28: =ROUND(((($BT$6*$BW$5*(C24*0.001)*D28)/1000)/AQ28), 2) -> #DIV/0! | AT28: =ROUND((AS28/AO28),2) -> #DIV/0! | AU28: =ROUND((AT28/AP28), 2) -> #DIV/0! | AZ28: =INDEX('WEG Motor'!$B$3:$AZ$55, MATCH(AX28,'WEG Motor'!$A$3:$A$55,0), MATCH(AY28,'WEG Motor'!$B$2:$AZ$2,0))% -> #N/A | BA28: 0.92 | BD28: =ROUND(((($BT$6*$BW$5*(C24*0.001)*D28)/1000)/BB28), 2) -> #DIV/0! | BE28: =ROUND((BD28/AZ28),2) -> #DIV/0! | BF28: =ROUND((BE28/BA28), 2) -> #DIV/0! | BK28: =INDEX('WEG Motor'!$B$3:$AZ$55, MATCH(BI28,'WEG Motor'!$A$3:$A$55,0), MATCH(BJ28,'WEG Motor'!$B$2:$AZ$2,0))% -> #N/A | BL28: 0.92 | BO28: =ROUND(((($BT$6*$BW$5*(C24*0.001)*D28)/1000)/BM28), 2) -> #DIV/0! | BP28: =ROUND((BO28/BK28),2) -> #DIV/0! | BQ28: =ROUND((BP28/BL28), 2) -> #DIV/0!
D29: 40 | H29: =INDEX('WEG Motor'!$B$3:$AZ$55, MATCH(F29,'WEG Motor'!$A$3:$A$55,0), MATCH(G29,'WEG Motor'!$B$2:$AZ$2,0))% -> #N/A | I29: 0.92 | L29: =ROUND(((($BT$6*$BW$5*(C24*0.001)*D29)/1000)/J29), 2) -> #DIV/0! | M29: =ROUND((L29/H29),2) -> #DIV/0! | N29: =ROUND((M29/I29), 2) -> #DIV/0! | P29: Atmos GIGA-B 125/295-30/4-L1 | Q29: 30 | R29: 4P | S29: =INDEX('WEG Motor'!$B$3:$AZ$55, MATCH(Q29,'WEG Motor'!$A$3:$A$55,0), MATCH(R29,'WEG Motor'!$B$2:$AZ$2,0))% -> 0.936 | T29: 0.92 | U29: 0.7733 | V29: 2.437 | W29: =ROUND(((($BT$6*$BW$5*(C24*0.001)*D29)/1000)/U29), 2) -> 24.35 | X29: =ROUND((W29/S29),2) -> 26.01 | Y29: =ROUND((X29/T29), 2) -> 28.27 | AD29: =INDEX('WEG Motor'!$B$3:$AZ$55, MATCH(AB29,'WEG Motor'!$A$3:$A$55,0), MATCH(AC29,'WEG Motor'!$B$2:$AZ$2,0))% -> #N/A | AE29: 0.92 | AH29: =ROUND(((($BT$6*$BW$5*(C24*0.001)*D29)/1000)/AF29), 2) -> #DIV/0! | AI29: =ROUND((AH29/AD29),2) -> #DIV/0! | AJ29: =ROUND((AI29/AE29), 2) -> #DIV/0! | AO29: =INDEX('WEG Motor'!$B$3:$AZ$55, MATCH(AM29,'WEG Motor'!$A$3:$A$55,0), MATCH(AN29,'WEG Motor'!$B$2:$AZ$2,0))% -> #N/A | AP29: 0.92 | AS29: =ROUND(((($BT$6*$BW$5*(C24*0.001)*D29)/1000)/AQ29), 2) -> #DIV/0! | AT29: =ROUND((AS29/AO29),2) -> #DIV/0! | AU29: =ROUND((AT29/AP29), 2) -> #DIV/0! | AZ29: =INDEX('WEG Motor'!$B$3:$AZ$55, MATCH(AX29,'WEG Motor'!$A$3:$A$55,0), MATCH(AY29,'WEG Motor'!$B$2:$AZ$2,0))% -> #N/A | BA29: 0.92 | BD29: =ROUND(((($BT$6*$BW$5*(C24*0.001)*D29)/1000)/BB29), 2) -> #DIV/0! | BE29: =ROUND((BD29/AZ29),2) -> #DIV/0! | BF29: =ROUND((BE29/BA29), 2) -> #DIV/0! | BK29: =INDEX('WEG Motor'!$B$3:$AZ$55, MATCH(BI29,'WEG Motor'!$A$3:$A$55,0), MATCH(BJ29,'WEG Motor'!$B$2:$AZ$2,0))% -> #N/A | BL29: 0.92 | BO29: =ROUND(((($BT$6*$BW$5*(C24*0.001)*D29)/1000)/BM29), 2) -> #DIV/0! | BP29: =ROUND((BO29/BK29),2) -> #DIV/0! | BQ29: =ROUND((BP29/BL29), 2) -> #DIV/0!
D30: 45 | H30: =INDEX('WEG Motor'!$B$3:$AZ$55, MATCH(F30,'WEG Motor'!$A$3:$A$55,0), MATCH(G30,'WEG Motor'!$B$2:$AZ$2,0))% -> #N/A | I30: 0.92 | L30: =ROUND(((($BT$6*$BW$5*(C24*0.001)*D30)/1000)/J30), 2) -> #DIV/0! | M30: =ROUND((L30/H30),2) -> #DIV/0! | N30: =ROUND((M30/I30), 2) -> #DIV/0! | P30: Atmos GIGA-B 125/305-37/4-L1 | Q30: 37 | R30: 4P | S30: =INDEX('WEG Motor'!$B$3:$AZ$55, MATCH(Q30,'WEG Motor'!$A$3:$A$55,0), MATCH(R30,'WEG Motor'!$B$2:$AZ$2,0))% -> 0.939 | T30: 0.92 | U30: 0.7623 | V30: 2.437 | W30: =ROUND(((($BT$6*$BW$5*(C24*0.001)*D30)/1000)/U30), 2) -> 27.79 | X30: =ROUND((W30/S30),2) -> 29.6 | Y30: =ROUND((X30/T30), 2) -> 32.17 | AD30: =INDEX('WEG Motor'!$B$3:$AZ$55, MATCH(AB30,'WEG Motor'!$A$3:$A$55,0), MATCH(AC30,'WEG Motor'!$B$2:$AZ$2,0))% -> #N/A | AE30: 0.92 | AH30: =ROUND(((($BT$6*$BW$5*(C24*0.001)*D30)/1000)/AF30), 2) -> #DIV/0! | AI30: =ROUND((AH30/AD30),2) -> #DIV/0! | AJ30: =ROUND((AI30/AE30), 2) -> #DIV/0! | AO30: =INDEX('WEG Motor'!$B$3:$AZ$55, MATCH(AM30,'WEG Motor'!$A$3:$A$55,0), MATCH(AN30,'WEG Motor'!$B$2:$AZ$2,0))% -> #N/A | AP30: 0.92 | AS30: =ROUND(((($BT$6*$BW$5*(C24*0.001)*D30)/1000)/AQ30), 2) -> #DIV/0! | AT30: =ROUND((AS30/AO30),2) -> #DIV/0! | AU30: =ROUND((AT30/AP30), 2) -> #DIV/0! | AZ30: =INDEX('WEG Motor'!$B$3:$AZ$55, MATCH(AX30,'WEG Motor'!$A$3:$A$55,0), MATCH(AY30,'WEG Motor'!$B$2:$AZ$2,0))% -> #N/A | BA30: 0.92 | BD30: =ROUND(((($BT$6*$BW$5*(C24*0.001)*D30)/1000)/BB30), 2) -> #DIV/0! | BE30: =ROUND((BD30/AZ30),2) -> #DIV/0! | BF30: =ROUND((BE30/BA30), 2) -> #DIV/0! | BK30: =INDEX('WEG Motor'!$B$3:$AZ$55, MATCH(BI30,'WEG Motor'!$A$3:$A$55,0), MATCH(BJ30,'WEG Motor'!$B$2:$AZ$2,0))% -> #N/A | BL30: 0.92 | BO30: =ROUND(((($BT$6*$BW$5*(C24*0.001)*D30)/1000)/BM30), 2) -> #DIV/0! | BP30: =ROUND((BO30/BK30),2) -> #DIV/0! | BQ30: =ROUND((BP30/BL30), 2) -> #DIV/0!
A31: 4 | B31: 450 | C31: =ROUND((B31 * $BW$7 * 1000) / ($BT$6 * $BW$3 * $BW$4), 0) -> 54 | D31: 15 | H31: =INDEX('WEG Motor'!$B$3:$AZ$55, MATCH(F31,'WEG Motor'!$A$3:$A$55,0), MATCH(G31,'WEG Motor'!$B$2:$AZ$2,0))% -> #N/A | I31: 0.92 | L31: =ROUND(((($BT$6*$BW$5*(C31*0.001)*D31)/1000)/J31), 2) -> #DIV/0! | M31: =ROUND((L31/H31),2) -> #DIV/0! | N31: =ROUND((M31/I31), 2) -> #DIV/0! | P31: Atmos GIGA-B 125/220-11/4-L1 | Q31: 11 | R31: 4P | S31: =INDEX('WEG Motor'!$B$3:$AZ$55, MATCH(Q31,'WEG Motor'!$A$3:$A$55,0), MATCH(R31,'WEG Motor'!$B$2:$AZ$2,0))% -> 0.914 | T31: 0.92 | U31: 0.8411 | V31: 2.567 | W31: =ROUND(((($BT$6*$BW$5*(C31*0.001)*D31)/1000)/U31), 2) -> 9.45 | X31: =ROUND((W31/S31),2) -> 10.34 | Y31: =ROUND((X31/T31), 2) -> 11.24 | AD31: =INDEX('WEG Motor'!$B$3:$AZ$55, MATCH(AB31,'WEG Motor'!$A$3:$A$55,0), MATCH(AC31,'WEG Motor'!$B$2:$AZ$2,0))% -> #N/A | AE31: 0.92 | AH31: =ROUND(((($BT$6*$BW$5*(C31*0.001)*D31)/1000)/AF31), 2) -> #DIV/0! | AI31: =ROUND((AH31/AD31),2) -> #DIV/0! | AJ31: =ROUND((AI31/AE31), 2) -> #DIV/0! | AO31: =INDEX('WEG Motor'!$B$3:$AZ$55, MATCH(AM31,'WEG Motor'!$A$3:$A$55,0), MATCH(AN31,'WEG Motor'!$B$2:$AZ$2,0))% -> #N/A | AP31: 0.92 | AS31: =ROUND(((($BT$6*$BW$5*(C31*0.001)*D31)/1000)/AQ31), 2) -> #DIV/0! | AT31: =ROUND((AS31/AO31),2) -> #DIV/0! | AU31: =ROUND((AT31/AP31), 2) -> #DIV/0! | AZ31: =INDEX('WEG Motor'!$B$3:$AZ$55, MATCH(AX31,'WEG Motor'!$A$3:$A$55,0), MATCH(AY31,'WEG Motor'!$B$2:$AZ$2,0))% -> #N/A | BA31: 0.92 | BD31: =ROUND(((($BT$6*$BW$5*(C31*0.001)*D31)/1000)/BB31), 2) -> #DIV/0! | BE31: =ROUND((BD31/AZ31),2) -> #DIV/0! | BF31: =ROUND((BE31/BA31), 2) -> #DIV/0! | BK31: =INDEX('WEG Motor'!$B$3:$AZ$55, MATCH(BI31,'WEG Motor'!$A$3:$A$55,0), MATCH(BJ31,'WEG Motor'!$B$2:$AZ$2,0))% -> #N/A | BL31: 0.92 | BO31: =ROUND(((($BT$6*$BW$5*(C31*0.001)*D31)/1000)/BM31), 2) -> #DIV/0! | BP31: =ROUND((BO31/BK31),2) -> #DIV/0! | BQ31: =ROUND((BP31/BL31), 2) -> #DIV/0!
D32: 20 | H32: =INDEX('WEG Motor'!$B$3:$AZ$55, MATCH(F32,'WEG Motor'!$A$3:$A$55,0), MATCH(G32,'WEG Motor'!$B$2:$AZ$2,0))% -> #N/A | I32: 0.92 | L32: =ROUND(((($BT$6*$BW$5*(C31*0.001)*D32)/1000)/J32), 2) -> #DIV/0! | M32: =ROUND((L32/H32),2) -> #DIV/0! | N32: =ROUND((M32/I32), 2) -> #DIV/0! | P32: Atmos GIGA-B 125/230-15/4-L1 | Q32: 15 | R32: 4P | S32: =INDEX('WEG Motor'!$B$3:$AZ$55, MATCH(Q32,'WEG Motor'!$A$3:$A$55,0), MATCH(R32,'WEG Motor'!$B$2:$AZ$2,0))% -> 0.921 | T32: 0.92 | U32: 0.8299 | V32: 2.568 | W32: =ROUND(((($BT$6*$BW$5*(C31*0.001)*D32)/1000)/U32), 2) -> 12.76 | X32: =ROUND((W32/S32),2) -> 13.85 | Y32: =ROUND((X32/T32), 2) -> 15.05 | AD32: =INDEX('WEG Motor'!$B$3:$AZ$55, MATCH(AB32,'WEG Motor'!$A$3:$A$55,0), MATCH(AC32,'WEG Motor'!$B$2:$AZ$2,0))% -> #N/A | AE32: 0.92 | AH32: =ROUND(((($BT$6*$BW$5*(C31*0.001)*D32)/1000)/AF32), 2) -> #DIV/0! | AI32: =ROUND((AH32/AD32),2) -> #DIV/0! | AJ32: =ROUND((AI32/AE32), 2) -> #DIV/0! | AO32: =INDEX('WEG Motor'!$B$3:$AZ$55, MATCH(AM32,'WEG Motor'!$A$3:$A$55,0), MATCH(AN32,'WEG Motor'!$B$2:$AZ$2,0))% -> #N/A | AP32: 0.92 | AS32: =ROUND(((($BT$6*$BW$5*(C31*0.001)*D32)/1000)/AQ32), 2) -> #DIV/0! | AT32: =ROUND((AS32/AO32),2) -> #DIV/0! | AU32: =ROUND((AT32/AP32), 2) -> #DIV/0! | AZ32: =INDEX('WEG Motor'!$B$3:$AZ$55, MATCH(AX32,'WEG Motor'!$A$3:$A$55,0), MATCH(AY32,'WEG Motor'!$B$2:$AZ$2,0))% -> #N/A | BA32: 0.92 | BD32: =ROUND(((($BT$6*$BW$5*(C31*0.001)*D32)/1000)/BB32), 2) -> #DIV/0! | BE32: =ROUND((BD32/AZ32),2) -> #DIV/0! | BF32: =ROUND((BE32/BA32), 2) -> #DIV/0! | BK32: =INDEX('WEG Motor'!$B$3:$AZ$55, MATCH(BI32,'WEG Motor'!$A$3:$A$55,0), MATCH(BJ32,'WEG Motor'!$B$2:$AZ$2,0))% -> #N/A | BL32: 0.92 | BO32: =ROUND(((($BT$6*$BW$5*(C31*0.001)*D32)/1000)/BM32), 2) -> #DIV/0! | BP32: =ROUND((BO32/BK32),2) -> #DIV/0! | BQ32: =ROUND((BP32/BL32), 2) -> #DIV/0!
D33: 25 | H33: =INDEX('WEG Motor'!$B$3:$AZ$55, MATCH(F33,'WEG Motor'!$A$3:$A$55,0), MATCH(G33,'WEG Motor'!$B$2:$AZ$2,0))% -> #N/A | I33: 0.92 | L33: =ROUND(((($BT$6*$BW$5*(C31*0.001)*D33)/1000)/J33), 2) -> #DIV/0! | M33: =ROUND((L33/H33),2) -> #DIV/0! | N33: =ROUND((M33/I33), 2) -> #DIV/0! | P33: Atmos GIGA-B 125/240-18.5/4-L1 | Q33: 18.5 | R33: 4P | S33: =INDEX('WEG Motor'!$B$3:$AZ$55, MATCH(Q33,'WEG Motor'!$A$3:$A$55,0), MATCH(R33,'WEG Motor'!$B$2:$AZ$2,0))% -> 0.926 | T33: 0.92 | U33: 0.8381 | V33: 2.567 | W33: =ROUND(((($BT$6*$BW$5*(C31*0.001)*D33)/1000)/U33), 2) -> 15.8 | X33: =ROUND((W33/S33),2) -> 17.06 | Y33: =ROUND((X33/T33), 2) -> 18.54 | AD33: =INDEX('WEG Motor'!$B$3:$AZ$55, MATCH(AB33,'WEG Motor'!$A$3:$A$55,0), MATCH(AC33,'WEG Motor'!$B$2:$AZ$2,0))% -> #N/A | AE33: 0.92 | AH33: =ROUND(((($BT$6*$BW$5*(C31*0.001)*D33)/1000)/AF33), 2) -> #DIV/0! | AI33: =ROUND((AH33/AD33),2) -> #DIV/0! | AJ33: =ROUND((AI33/AE33), 2) -> #DIV/0! | AO33: =INDEX('WEG Motor'!$B$3:$AZ$55, MATCH(AM33,'WEG Motor'!$A$3:$A$55,0), MATCH(AN33,'WEG Motor'!$B$2:$AZ$2,0))% -> #N/A | AP33: 0.92 | AS33: =ROUND(((($BT$6*$BW$5*(C31*0.001)*D33)/1000)/AQ33), 2) -> #DIV/0! | AT33: =ROUND((AS33/AO33),2) -> #DIV/0! | AU33: =ROUND((AT33/AP33), 2) -> #DIV/0! | AZ33: =INDEX('WEG Motor'!$B$3:$AZ$55, MATCH(AX33,'WEG Motor'!$A$3:$A$55,0), MATCH(AY33,'WEG Motor'!$B$2:$AZ$2,0))% -> #N/A | BA33: 0.92 | BD33: =ROUND(((($BT$6*$BW$5*(C31*0.001)*D33)/1000)/BB33), 2) -> #DIV/0! | BE33: =ROUND((BD33/AZ33),2) -> #DIV/0! | BF33: =ROUND((BE33/BA33), 2) -> #DIV/0! | BK33: =INDEX('WEG Motor'!$B$3:$AZ$55, MATCH(BI33,'WEG Motor'!$A$3:$A$55,0), MATCH(BJ33,'WEG Motor'!$B$2:$AZ$2,0))% -> #N/A | BL33: 0.92 | BO33: =ROUND(((($BT$6*$BW$5*(C31*0.001)*D33)/1000)/BM33), 2) -> #DIV/0! | BP33: =ROUND((BO33/BK33),2) -> #DIV/0! | BQ33: =ROUND((BP33/BL33), 2) -> #DIV/0!
D34: 30 | H34: =INDEX('WEG Motor'!$B$3:$AZ$55, MATCH(F34,'WEG Motor'!$A$3:$A$55,0), MATCH(G34,'WEG Motor'!$B$2:$AZ$2,0))% -> #N/A | I34: 0.92 | L34: =ROUND(((($BT$6*$BW$5*(C31*0.001)*D34)/1000)/J34), 2) -> #DIV/0! | M34: =ROUND((L34/H34),2) -> #DIV/0! | N34: =ROUND((M34/I34), 2) -> #DIV/0! | P34: Atmos GIGA-B 100/305-22/4-L1 | Q34: 22 | R34: 4P | S34: =INDEX('WEG Motor'!$B$3:$AZ$55, MATCH(Q34,'WEG Motor'!$A$3:$A$55,0), MATCH(R34,'WEG Motor'!$B$2:$AZ$2,0))% -> 0.931 | T34: 0.92 | U34: 0.8365 | V34: 3.29 | W34: =ROUND(((($BT$6*$BW$5*(C31*0.001)*D34)/1000)/U34), 2) -> 18.99 | X34: =ROUND((W34/S34),2) -> 20.4 | Y34: =ROUND((X34/T34), 2) -> 22.17 | AD34: =INDEX('WEG Motor'!$B$3:$AZ$55, MATCH(AB34,'WEG Motor'!$A$3:$A$55,0), MATCH(AC34,'WEG Motor'!$B$2:$AZ$2,0))% -> #N/A | AE34: 0.92 | AH34: =ROUND(((($BT$6*$BW$5*(C31*0.001)*D34)/1000)/AF34), 2) -> #DIV/0! | AI34: =ROUND((AH34/AD34),2) -> #DIV/0! | AJ34: =ROUND((AI34/AE34), 2) -> #DIV/0! | AO34: =INDEX('WEG Motor'!$B$3:$AZ$55, MATCH(AM34,'WEG Motor'!$A$3:$A$55,0), MATCH(AN34,'WEG Motor'!$B$2:$AZ$2,0))% -> #N/A | AP34: 0.92 | AS34: =ROUND(((($BT$6*$BW$5*(C31*0.001)*D34)/1000)/AQ34), 2) -> #DIV/0! | AT34: =ROUND((AS34/AO34),2) -> #DIV/0! | AU34: =ROUND((AT34/AP34), 2) -> #DIV/0! | AZ34: =INDEX('WEG Motor'!$B$3:$AZ$55, MATCH(AX34,'WEG Motor'!$A$3:$A$55,0), MATCH(AY34,'WEG Motor'!$B$2:$AZ$2,0))% -> #N/A | BA34: 0.92 | BD34: =ROUND(((($BT$6*$BW$5*(C31*0.001)*D34)/1000)/BB34), 2) -> #DIV/0! | BE34: =ROUND((BD34/AZ34),2) -> #DIV/0! | BF34: =ROUND((BE34/BA34), 2) -> #DIV/0! | BK34: =INDEX('WEG Motor'!$B$3:$AZ$55, MATCH(BI34,'WEG Motor'!$A$3:$A$55,0), MATCH(BJ34,'WEG Motor'!$B$2:$AZ$2,0))% -> #N/A | BL34: 0.92 | BO34: =ROUND(((($BT$6*$BW$5*(C31*0.001)*D34)/1000)/BM34), 2) -> #DIV/0! | BP34: =ROUND((BO34/BK34),2) -> #DIV/0! | BQ34: =ROUND((BP34/BL34), 2) -> #DIV/0!
D35: 35 | H35: =INDEX('WEG Motor'!$B$3:$AZ$55, MATCH(F35,'WEG Motor'!$A$3:$A$55,0), MATCH(G35,'WEG Motor'!$B$2:$AZ$2,0))% -> #N/A | I35: 0.92 | L35: =ROUND(((($BT$6*$BW$5*(C35*0.001)*D35)/1000)/J35), 2) -> #DIV/0! | M35: =ROUND((L35/H35),2) -> #DIV/0! | N35: =ROUND((M35/I35), 2) -> #DIV/0! | P35: Atmos GIGA-B 100/315-30/4-L1 | Q35: 30 | R35: 4P | S35: =INDEX('WEG Motor'!$B$3:$AZ$55, MATCH(Q35,'WEG Motor'!$A$3:$A$55,0), MATCH(R35,'WEG Motor'!$B$2:$AZ$2,0))% -> 0.936 | T35: 0.92 | U35: 0.8307 | V35: 3.324 | W35: =ROUND(((($BT$6*$BW$5*(C31*0.001)*D35)/1000)/U35), 2) -> 22.31 | X35: =ROUND((W35/S35),2) -> 23.84 | Y35: =ROUND((X35/T35), 2) -> 25.91 | AD35: =INDEX('WEG Motor'!$B$3:$AZ$55, MATCH(AB35,'WEG Motor'!$A$3:$A$55,0), MATCH(AC35,'WEG Motor'!$B$2:$AZ$2,0))% -> #N/A | AE35: 0.92 | AH35: =ROUND(((($BT$6*$BW$5*(C31*0.001)*D35)/1000)/AF35), 2) -> #DIV/0! | AI35: =ROUND((AH35/AD35),2) -> #DIV/0! | AJ35: =ROUND((AI35/AE35), 2) -> #DIV/0! | AO35: =INDEX('WEG Motor'!$B$3:$AZ$55, MATCH(AM35,'WEG Motor'!$A$3:$A$55,0), MATCH(AN35,'WEG Motor'!$B$2:$AZ$2,0))% -> #N/A | AP35: 0.92 | AS35: =ROUND(((($BT$6*$BW$5*(C31*0.001)*D35)/1000)/AQ35), 2) -> #DIV/0! | AT35: =ROUND((AS35/AO35),2) -> #DIV/0! | AU35: =ROUND((AT35/AP35), 2) -> #DIV/0! | AZ35: =INDEX('WEG Motor'!$B$3:$AZ$55, MATCH(AX35,'WEG Motor'!$A$3:$A$55,0), MATCH(AY35,'WEG Motor'!$B$2:$AZ$2,0))% -> #N/A | BA35: 0.92 | BD35: =ROUND(((($BT$6*$BW$5*(C31*0.001)*D35)/1000)/BB35), 2) -> #DIV/0! | BE35: =ROUND((BD35/AZ35),2) -> #DIV/0! | BF35: =ROUND((BE35/BA35), 2) -> #DIV/0! | BK35: =INDEX('WEG Motor'!$B$3:$AZ$55, MATCH(BI35,'WEG Motor'!$A$3:$A$55,0), MATCH(BJ35,'WEG Motor'!$B$2:$AZ$2,0))% -> #N/A | BL35: 0.92 | BO35: =ROUND(((($BT$6*$BW$5*(C31*0.001)*D35)/1000)/BM35), 2) -> #DIV/0! | BP35: =ROUND((BO35/BK35),2) -> #DIV/0! | BQ35: =ROUND((BP35/BL35), 2) -> #DIV/0!
D36: 40 | H36: =INDEX('WEG Motor'!$B$3:$AZ$55, MATCH(F36,'WEG Motor'!$A$3:$A$55,0), MATCH(G36,'WEG Motor'!$B$2:$AZ$2,0))% -> #N/A | I36: 0.92 | L36: =ROUND(((($BT$6*$BW$5*(C31*0.001)*D36)/1000)/J36), 2) -> #DIV/0! | M36: =ROUND((L36/H36),2) -> #DIV/0! | N36: =ROUND((M36/I36), 2) -> #DIV/0! | P36: Atmos GIGA-B 125/305-37/4-L1 | Q36: 37 | R36: 4P | S36: =INDEX('WEG Motor'!$B$3:$AZ$55, MATCH(Q36,'WEG Motor'!$A$3:$A$55,0), MATCH(R36,'WEG Motor'!$B$2:$AZ$2,0))% -> 0.939 | T36: 0.92 | U36: 0.7976 | V36: 2.464 | W36: =ROUND(((($BT$6*$BW$5*(C31*0.001)*D36)/1000)/U36), 2) -> 26.56 | X36: =ROUND((W36/S36),2) -> 28.29 | Y36: =ROUND((X36/T36), 2) -> 30.75 | AD36: =INDEX('WEG Motor'!$B$3:$AZ$55, MATCH(AB36,'WEG Motor'!$A$3:$A$55,0), MATCH(AC36,'WEG Motor'!$B$2:$AZ$2,0))% -> #N/A | AE36: 0.92 | AH36: =ROUND(((($BT$6*$BW$5*(C31*0.001)*D36)/1000)/AF36), 2) -> #DIV/0! | AI36: =ROUND((AH36/AD36),2) -> #DIV/0! | AJ36: =ROUND((AI36/AE36), 2) -> #DIV/0! | AO36: =INDEX('WEG Motor'!$B$3:$AZ$55, MATCH(AM36,'WEG Motor'!$A$3:$A$55,0), MATCH(AN36,'WEG Motor'!$B$2:$AZ$2,0))% -> #N/A | AP36: 0.92 | AS36: =ROUND(((($BT$6*$BW$5*(C31*0.001)*D36)/1000)/AQ36), 2) -> #DIV/0! | AT36: =ROUND((AS36/AO36),2) -> #DIV/0! | AU36: =ROUND((AT36/AP36), 2) -> #DIV/0! | AZ36: =INDEX('WEG Motor'!$B$3:$AZ$55, MATCH(AX36,'WEG Motor'!$A$3:$A$55,0), MATCH(AY36,'WEG Motor'!$B$2:$AZ$2,0))% -> #N/A | BA36: 0.92 | BD36: =ROUND(((($BT$6*$BW$5*(C31*0.001)*D36)/1000)/BB36), 2) -> #DIV/0! | BE36: =ROUND((BD36/AZ36),2) -> #DIV/0! | BF36: =ROUND((BE36/BA36), 2) -> #DIV/0! | BK36: =INDEX('WEG Motor'!$B$3:$AZ$55, MATCH(BI36,'WEG Motor'!$A$3:$A$55,0), MATCH(BJ36,'WEG Motor'!$B$2:$AZ$2,0))% -> #N/A | BL36: 0.92 | BO36: =ROUND(((($BT$6*$BW$5*(C31*0.001)*D36)/1000)/BM36), 2) -> #DIV/0! | BP36: =ROUND((BO36/BK36),2) -> #DIV/0! | BQ36: =ROUND((BP36/BL36), 2) -> #DIV/0!
D37: 45 | H37: =INDEX('WEG Motor'!$B$3:$AZ$55, MATCH(F37,'WEG Motor'!$A$3:$A$55,0), MATCH(G37,'WEG Motor'!$B$2:$AZ$2,0))% -> #N/A | I37: 0.92 | L37: =ROUND(((($BT$6*$BW$5*(C31*0.001)*D37)/1000)/J37), 2) -> #DIV/0! | M37: =ROUND((L37/H37),2) -> #DIV/0! | N37: =ROUND((M37/I37), 2) -> #DIV/0! | P37: Atmos GIGA-B 125/305-37/4-L1 | Q37: 37 | R37: 4P | S37: =INDEX('WEG Motor'!$B$3:$AZ$55, MATCH(Q37,'WEG Motor'!$A$3:$A$55,0), MATCH(R37,'WEG Motor'!$B$2:$AZ$2,0))% -> 0.939 | T37: 0.92 | U37: 0.7887 | V37: 2.464 | W37: =ROUND(((($BT$6*$BW$5*(C31*0.001)*D37)/1000)/U37), 2) -> 30.22 | X37: =ROUND((W37/S37),2) -> 32.18 | Y37: =ROUND((X37/T37), 2) -> 34.98 | AD37: =INDEX('WEG Motor'!$B$3:$AZ$55, MATCH(AB37,'WEG Motor'!$A$3:$A$55,0), MATCH(AC37,'WEG Motor'!$B$2:$AZ$2,0))% -> #N/A | AE37: 0.92 | AH37: =ROUND(((($BT$6*$BW$5*(C31*0.001)*D37)/1000)/AF37), 2) -> #DIV/0! | AI37: =ROUND((AH37/AD37),2) -> #DIV/0! | AJ37: =ROUND((AI37/AE37), 2) -> #DIV/0! | AO37: =INDEX('WEG Motor'!$B$3:$AZ$55, MATCH(AM37,'WEG Motor'!$A$3:$A$55,0), MATCH(AN37,'WEG Motor'!$B$2:$AZ$2,0))% -> #N/A | AP37: 0.92 | AS37: =ROUND(((($BT$6*$BW$5*(C31*0.001)*D37)/1000)/AQ37), 2) -> #DIV/0! | AT37: =ROUND((AS37/AO37),2) -> #DIV/0! | AU37: =ROUND((AT37/AP37), 2) -> #DIV/0! | AZ37: =INDEX('WEG Motor'!$B$3:$AZ$55, MATCH(AX37,'WEG Motor'!$A$3:$A$55,0), MATCH(AY37,'WEG Motor'!$B$2:$AZ$2,0))% -> #N/A | BA37: 0.92 | BD37: =ROUND(((($BT$6*$BW$5*(C31*0.001)*D37)/1000)/BB37), 2) -> #DIV/0! | BE37: =ROUND((BD37/AZ37),2) -> #DIV/0! | BF37: =ROUND((BE37/BA37), 2) -> #DIV/0! | BK37: =INDEX('WEG Motor'!$B$3:$AZ$55, MATCH(BI37,'WEG Motor'!$A$3:$A$55,0), MATCH(BJ37,'WEG Motor'!$B$2:$AZ$2,0))% -> #N/A | BL37: 0.92 | BO37: =ROUND(((($BT$6*$BW$5*(C31*0.001)*D37)/1000)/BM37), 2) -> #DIV/0! | BP37: =ROUND((BO37/BK37),2) -> #DIV/0! | BQ37: =ROUND((BP37/BL37), 2) -> #DIV/0!
A38: 5 | B38: 500 | C38: =ROUND((B38 * $BW$7 * 1000) / ($BT$6 * $BW$3 * $BW$4), 0) -> 60 | D38: 15 | H38: =INDEX('WEG Motor'!$B$3:$AZ$55, MATCH(F38,'WEG Motor'!$A$3:$A$55,0), MATCH(G38,'WEG Motor'!$B$2:$AZ$2,0))% -> #N/A | I38: 0.92 | L38: =ROUND(((($BT$6*$BW$5*(C38*0.001)*D38)/1000)/J38), 2) -> #DIV/0! | M38: =ROUND((L38/H38),2) -> #DIV/0! | N38: =ROUND((M38/I38), 2) -> #DIV/0! | P38: Atmos GIGA-B 125/230-15/4-L1 | Q38: 15 | R38: 4P | S38: =INDEX('WEG Motor'!$B$3:$AZ$55, MATCH(Q38,'WEG Motor'!$A$3:$A$55,0), MATCH(R38,'WEG Motor'!$B$2:$AZ$2,0))% -> 0.921 | T38: 0.92 | U38: 0.853 | V38: 2.601 | W38: =ROUND(((($BT$6*$BW$5*(C38*0.001)*D38)/1000)/U38), 2) -> 10.35 | X38: =ROUND((W38/S38),2) -> 11.24 | Y38: =ROUND((X38/T38), 2) -> 12.22 | AD38: =INDEX('WEG Motor'!$B$3:$AZ$55, MATCH(AB38,'WEG Motor'!$A$3:$A$55,0), MATCH(AC38,'WEG Motor'!$B$2:$AZ$2,0))% -> #N/A | AE38: 0.92 | AH38: =ROUND(((($BT$6*$BW$5*(C38*0.001)*D38)/1000)/AF38), 2) -> #DIV/0! | AI38: =ROUND((AH38/AD38),2) -> #DIV/0! | AJ38: =ROUND((AI38/AE38), 2) -> #DIV/0! | AO38: =INDEX('WEG Motor'!$B$3:$AZ$55, MATCH(AM38,'WEG Motor'!$A$3:$A$55,0), MATCH(AN38,'WEG Motor'!$B$2:$AZ$2,0))% -> #N/A | AP38: 0.92 | AS38: =ROUND(((($BT$6*$BW$5*(C38*0.001)*D38)/1000)/AQ38), 2) -> #DIV/0! | AT38: =ROUND((AS38/AO38),2) -> #DIV/0! | AU38: =ROUND((AT38/AP38), 2) -> #DIV/0! | AZ38: =INDEX('WEG Motor'!$B$3:$AZ$55, MATCH(AX38,'WEG Motor'!$A$3:$A$55,0), MATCH(AY38,'WEG Motor'!$B$2:$AZ$2,0))% -> #N/A | BA38: 0.92 | BD38: =ROUND(((($BT$6*$BW$5*(C38*0.001)*D38)/1000)/BB38), 2) -> #DIV/0! | BE38: =ROUND((BD38/AZ38),2) -> #DIV/0! | BF38: =ROUND((BE38/BA38), 2) -> #DIV/0! | BK38: =INDEX('WEG Motor'!$B$3:$AZ$55, MATCH(BI38,'WEG Motor'!$A$3:$A$55,0), MATCH(BJ38,'WEG Motor'!$B$2:$AZ$2,0))% -> #N/A | BL38: 0.92 | BO38: =ROUND(((($BT$6*$BW$5*(C38*0.001)*D38)/1000)/BM38), 2) -> #DIV/0! | BP38: =ROUND((BO38/BK38),2) -> #DIV/0! | BQ38: =ROUND((BP38/BL38), 2) -> #DIV/0!
D39: 20 | H39: =INDEX('WEG Motor'!$B$3:$AZ$55, MATCH(F39,'WEG Motor'!$A$3:$A$55,0), MATCH(G39,'WEG Motor'!$B$2:$AZ$2,0))% -> #N/A | I39: 0.92 | L39: =ROUND(((($BT$6*$BW$5*(C38*0.001)*D39)/1000)/J39), 2) -> #DIV/0! | M39: =ROUND((L39/H39),2) -> #DIV/0! | N39: =ROUND((M39/I39), 2) -> #DIV/0! | P39: Atmos GIGA-B 125/240-18.5/4-L1 | Q39: 18.5 | R39: 4P | S39: =INDEX('WEG Motor'!$B$3:$AZ$55, MATCH(Q39,'WEG Motor'!$A$3:$A$55,0), MATCH(R39,'WEG Motor'!$B$2:$AZ$2,0))% -> 0.926 | T39: 0.92 | U39: 0.8485 | V39: 2.608 | W39: =ROUND(((($BT$6*$BW$5*(C38*0.001)*D39)/1000)/U39), 2) -> 13.87 | X39: =ROUND((W39/S39),2) -> 14.98 | Y39: =ROUND((X39/T39), 2) -> 16.28 | AD39: =INDEX('WEG Motor'!$B$3:$AZ$55, MATCH(AB39,'WEG Motor'!$A$3:$A$55,0), MATCH(AC39,'WEG Motor'!$B$2:$AZ$2,0))% -> #N/A | AE39: 0.92 | AH39: =ROUND(((($BT$6*$BW$5*(C38*0.001)*D39)/1000)/AF39), 2) -> #DIV/0! | AI39: =ROUND((AH39/AD39),2) -> #DIV/0! | AJ39: =ROUND((AI39/AE39), 2) -> #DIV/0! | AO39: =INDEX('WEG Motor'!$B$3:$AZ$55, MATCH(AM39,'WEG Motor'!$A$3:$A$55,0), MATCH(AN39,'WEG Motor'!$B$2:$AZ$2,0))% -> #N/A | AP39: 0.92 | AS39: =ROUND(((($BT$6*$BW$5*(C38*0.001)*D39)/1000)/AQ39), 2) -> #DIV/0! | AT39: =ROUND((AS39/AO39),2) -> #DIV/0! | AU39: =ROUND((AT39/AP39), 2) -> #DIV/0! | AZ39: =INDEX('WEG Motor'!$B$3:$AZ$55, MATCH(AX39,'WEG Motor'!$A$3:$A$55,0), MATCH(AY39,'WEG Motor'!$B$2:$AZ$2,0))% -> #N/A | BA39: 0.92 | BD39: =ROUND(((($BT$6*$BW$5*(C38*0.001)*D39)/1000)/BB39), 2) -> #DIV/0! | BE39: =ROUND((BD39/AZ39),2) -> #DIV/0! | BF39: =ROUND((BE39/BA39), 2) -> #DIV/0! | BK39: =INDEX('WEG Motor'!$B$3:$AZ$55, MATCH(BI39,'WEG Motor'!$A$3:$A$55,0), MATCH(BJ39,'WEG Motor'!$B$2:$AZ$2,0))% -> #N/A | BL39: 0.92 | BO39: =ROUND(((($BT$6*$BW$5*(C38*0.001)*D39)/1000)/BM39), 2) -> #DIV/0! | BP39: =ROUND((BO39/BK39),2) -> #DIV/0! | BQ39: =ROUND((BP39/BL39), 2) -> #DIV/0!
D40: 25 | H40: =INDEX('WEG Motor'!$B$3:$AZ$55, MATCH(F40,'WEG Motor'!$A$3:$A$55,0), MATCH(G40,'WEG Motor'!$B$2:$AZ$2,0))% -> #N/A | I40: 0.92 | L40: =ROUND(((($BT$6*$BW$5*(C38*0.001)*D40)/1000)/J40), 2) -> #DIV/0! | M40: =ROUND((L40/H40),2) -> #DIV/0! | N40: =ROUND((M40/I40), 2) -> #DIV/0! | P40: Atmos GIGA-B 125/250-22/4-L1 | Q40: 22 | R40: 4P | S40: =INDEX('WEG Motor'!$B$3:$AZ$55, MATCH(Q40,'WEG Motor'!$A$3:$A$55,0), MATCH(R40,'WEG Motor'!$B$2:$AZ$2,0))% -> 0.931 | T40: 0.92 | U40: 0.8545 | V40: 2.601 | W40: =ROUND(((($BT$6*$BW$5*(C38*0.001)*D40)/1000)/U40), 2) -> 17.22 | X40: =ROUND((W40/S40),2) -> 18.5 | Y40: =ROUND((X40/T40), 2) -> 20.11 | AD40: =INDEX('WEG Motor'!$B$3:$AZ$55, MATCH(AB40,'WEG Motor'!$A$3:$A$55,0), MATCH(AC40,'WEG Motor'!$B$2:$AZ$2,0))% -> #N/A | AE40: 0.92 | AH40: =ROUND(((($BT$6*$BW$5*(C38*0.001)*D40)/1000)/AF40), 2) -> #DIV/0! | AI40: =ROUND((AH40/AD40),2) -> #DIV/0! | AJ40: =ROUND((AI40/AE40), 2) -> #DIV/0! | AO40: =INDEX('WEG Motor'!$B$3:$AZ$55, MATCH(AM40,'WEG Motor'!$A$3:$A$55,0), MATCH(AN40,'WEG Motor'!$B$2:$AZ$2,0))% -> #N/A | AP40: 0.92 | AS40: =ROUND(((($BT$6*$BW$5*(C38*0.001)*D40)/1000)/AQ40), 2) -> #DIV/0! | AT40: =ROUND((AS40/AO40),2) -> #DIV/0! | AU40: =ROUND((AT40/AP40), 2) -> #DIV/0! | AZ40: =INDEX('WEG Motor'!$B$3:$AZ$55, MATCH(AX40,'WEG Motor'!$A$3:$A$55,0), MATCH(AY40,'WEG Motor'!$B$2:$AZ$2,0))% -> #N/A | BA40: 0.92 | BD40: =ROUND(((($BT$6*$BW$5*(C38*0.001)*D40)/1000)/BB40), 2) -> #DIV/0! | BE40: =ROUND((BD40/AZ40),2) -> #DIV/0! | BF40: =ROUND((BE40/BA40), 2) -> #DIV/0! | BK40: =INDEX('WEG Motor'!$B$3:$AZ$55, MATCH(BI40,'WEG Motor'!$A$3:$A$55,0), MATCH(BJ40,'WEG Motor'!$B$2:$AZ$2,0))% -> #N/A | BL40: 0.92 | BO40: =ROUND(((($BT$6*$BW$5*(C38*0.001)*D40)/1000)/BM40), 2) -> #DIV/0! | BP40: =ROUND((BO40/BK40),2) -> #DIV/0! | BQ40: =ROUND((BP40/BL40), 2) -> #DIV/0!
D41: 30 | H41: =INDEX('WEG Motor'!$B$3:$AZ$55, MATCH(F41,'WEG Motor'!$A$3:$A$55,0), MATCH(G41,'WEG Motor'!$B$2:$AZ$2,0))% -> #N/A | I41: 0.92 | L41: =ROUND(((($BT$6*$BW$5*(C38*0.001)*D41)/1000)/J41), 2) -> #DIV/0! | M41: =ROUND((L41/H41),2) -> #DIV/0! | N41: =ROUND((M41/I41), 2) -> #DIV/0! | P41: Atmos GIGA-B 100/315-30/4-L1 | Q41: 30 | R41: 4P | S41: =INDEX('WEG Motor'!$B$3:$AZ$55, MATCH(Q41,'WEG Motor'!$A$3:$A$55,0), MATCH(R41,'WEG Motor'!$B$2:$AZ$2,0))% -> 0.936 | T41: 0.92 | U41: 0.8318 | V41: 4.269 | W41: =ROUND(((($BT$6*$BW$5*(C38*0.001)*D41)/1000)/U41), 2) -> 21.22 | X41: =ROUND((W41/S41),2) -> 22.67 | Y41: =ROUND((X41/T41), 2) -> 24.64 | AD41: =INDEX('WEG Motor'!$B$3:$AZ$55, MATCH(AB41,'WEG Motor'!$A$3:$A$55,0), MATCH(AC41,'WEG Motor'!$B$2:$AZ$2,0))% -> #N/A | AE41: 0.92 | AH41: =ROUND(((($BT$6*$BW$5*(C38*0.001)*D41)/1000)/AF41), 2) -> #DIV/0! | AI41: =ROUND((AH41/AD41),2) -> #DIV/0! | AJ41: =ROUND((AI41/AE41), 2) -> #DIV/0! | AO41: =INDEX('WEG Motor'!$B$3:$AZ$55, MATCH(AM41,'WEG Motor'!$A$3:$A$55,0), MATCH(AN41,'WEG Motor'!$B$2:$AZ$2,0))% -> #N/A | AP41: 0.92 | AS41: =ROUND(((($BT$6*$BW$5*(C38*0.001)*D41)/1000)/AQ41), 2) -> #DIV/0! | AT41: =ROUND((AS41/AO41),2) -> #DIV/0! | AU41: =ROUND((AT41/AP41), 2) -> #DIV/0! | AZ41: =INDEX('WEG Motor'!$B$3:$AZ$55, MATCH(AX41,'WEG Motor'!$A$3:$A$55,0), MATCH(AY41,'WEG Motor'!$B$2:$AZ$2,0))% -> #N/A | BA41: 0.92 | BD41: =ROUND(((($BT$6*$BW$5*(C38*0.001)*D41)/1000)/BB41), 2) -> #DIV/0! | BE41: =ROUND((BD41/AZ41),2) -> #DIV/0! | BF41: =ROUND((BE41/BA41), 2) -> #DIV/0! | BK41: =INDEX('WEG Motor'!$B$3:$AZ$55, MATCH(BI41,'WEG Motor'!$A$3:$A$55,0), MATCH(BJ41,'WEG Motor'!$B$2:$AZ$2,0))% -> #N/A | BL41: 0.92 | BO41: =ROUND(((($BT$6*$BW$5*(C38*0.001)*D41)/1000)/BM41), 2) -> #DIV/0! | BP41: =ROUND((BO41/BK41),2) -> #DIV/0! | BQ41: =ROUND((BP41/BL41), 2) -> #DIV/0!
D42: 35 | H42: =INDEX('WEG Motor'!$B$3:$AZ$55, MATCH(F42,'WEG Motor'!$A$3:$A$55,0), MATCH(G42,'WEG Motor'!$B$2:$AZ$2,0))% -> #N/A | I42: 0.92 | L42: =ROUND(((($BT$6*$BW$5*(C42*0.001)*D42)/1000)/J42), 2) -> #DIV/0! | M42: =ROUND((L42/H42),2) -> #DIV/0! | N42: =ROUND((M42/I42), 2) -> #DIV/0! | P42: Atmos GIGA-B 100/315-30/4-L1 | Q42: 30 | R42: 4P | S42: =INDEX('WEG Motor'!$B$3:$AZ$55, MATCH(Q42,'WEG Motor'!$A$3:$A$55,0), MATCH(R42,'WEG Motor'!$B$2:$AZ$2,0))% -> 0.936 | T42: 0.92 | U42: 0.8326 | V42: 4.268 | W42: =ROUND(((($BT$6*$BW$5*(C38*0.001)*D42)/1000)/U42), 2) -> 24.74 | X42: =ROUND((W42/S42),2) -> 26.43 | Y42: =ROUND((X42/T42), 2) -> 28.73 | AD42: =INDEX('WEG Motor'!$B$3:$AZ$55, MATCH(AB42,'WEG Motor'!$A$3:$A$55,0), MATCH(AC42,'WEG Motor'!$B$2:$AZ$2,0))% -> #N/A | AE42: 0.92 | AH42: =ROUND(((($BT$6*$BW$5*(C38*0.001)*D42)/1000)/AF42), 2) -> #DIV/0! | AI42: =ROUND((AH42/AD42),2) -> #DIV/0! | AJ42: =ROUND((AI42/AE42), 2) -> #DIV/0! | AO42: =INDEX('WEG Motor'!$B$3:$AZ$55, MATCH(AM42,'WEG Motor'!$A$3:$A$55,0), MATCH(AN42,'WEG Motor'!$B$2:$AZ$2,0))% -> #N/A | AP42: 0.92 | AS42: =ROUND(((($BT$6*$BW$5*(C38*0.001)*D42)/1000)/AQ42), 2) -> #DIV/0! | AT42: =ROUND((AS42/AO42),2) -> #DIV/0! | AU42: =ROUND((AT42/AP42), 2) -> #DIV/0! | AZ42: =INDEX('WEG Motor'!$B$3:$AZ$55, MATCH(AX42,'WEG Motor'!$A$3:$A$55,0), MATCH(AY42,'WEG Motor'!$B$2:$AZ$2,0))% -> #N/A | BA42: 0.92 | BD42: =ROUND(((($BT$6*$BW$5*(C38*0.001)*D42)/1000)/BB42), 2) -> #DIV/0! | BE42: =ROUND((BD42/AZ42),2) -> #DIV/0! | BF42: =ROUND((BE42/BA42), 2) -> #DIV/0! | BK42: =INDEX('WEG Motor'!$B$3:$AZ$55, MATCH(BI42,'WEG Motor'!$A$3:$A$55,0), MATCH(BJ42,'WEG Motor'!$B$2:$AZ$2,0))% -> #N/A | BL42: 0.92 | BO42: =ROUND(((($BT$6*$BW$5*(C38*0.001)*D42)/1000)/BM42), 2) -> #DIV/0! | BP42: =ROUND((BO42/BK42),2) -> #DIV/0! | BQ42: =ROUND((BP42/BL42), 2) -> #DIV/0!
D43: 40 | H43: =INDEX('WEG Motor'!$B$3:$AZ$55, MATCH(F43,'WEG Motor'!$A$3:$A$55,0), MATCH(G43,'WEG Motor'!$B$2:$AZ$2,0))% -> #N/A | I43: 0.92 | L43: =ROUND(((($BT$6*$BW$5*(C38*0.001)*D43)/1000)/J43), 2) -> #DIV/0! | M43: =ROUND((L43/H43),2) -> #DIV/0! | N43: =ROUND((M43/I43), 2) -> #DIV/0! | P43: Atmos GIGA-B 125/305-37/4-L1 | Q43: 37 | R43: 4P | S43: =INDEX('WEG Motor'!$B$3:$AZ$55, MATCH(Q43,'WEG Motor'!$A$3:$A$55,0), MATCH(R43,'WEG Motor'!$B$2:$AZ$2,0))% -> 0.939 | T43: 0.92 | U43: 0.8168 | V43: 2.507 | W43: =ROUND(((($BT$6*$BW$5*(C38*0.001)*D43)/1000)/U43), 2) -> 28.82 | X43: =ROUND((W43/S43),2) -> 30.69 | Y43: =ROUND((X43/T43), 2) -> 33.36 | AD43: =INDEX('WEG Motor'!$B$3:$AZ$55, MATCH(AB43,'WEG Motor'!$A$3:$A$55,0), MATCH(AC43,'WEG Motor'!$B$2:$AZ$2,0))% -> #N/A | AE43: 0.92 | AH43: =ROUND(((($BT$6*$BW$5*(C38*0.001)*D43)/1000)/AF43), 2) -> #DIV/0! | AI43: =ROUND((AH43/AD43),2) -> #DIV/0! | AJ43: =ROUND((AI43/AE43), 2) -> #DIV/0! | AO43: =INDEX('WEG Motor'!$B$3:$AZ$55, MATCH(AM43,'WEG Motor'!$A$3:$A$55,0), MATCH(AN43,'WEG Motor'!$B$2:$AZ$2,0))% -> #N/A | AP43: 0.92 | AS43: =ROUND(((($BT$6*$BW$5*(C38*0.001)*D43)/1000)/AQ43), 2) -> #DIV/0! | AT43: =ROUND((AS43/AO43),2) -> #DIV/0! | AU43: =ROUND((AT43/AP43), 2) -> #DIV/0! | AZ43: =INDEX('WEG Motor'!$B$3:$AZ$55, MATCH(AX43,'WEG Motor'!$A$3:$A$55,0), MATCH(AY43,'WEG Motor'!$B$2:$AZ$2,0))% -> #N/A | BA43: 0.92 | BD43: =ROUND(((($BT$6*$BW$5*(C38*0.001)*D43)/1000)/BB43), 2) -> #DIV/0! | BE43: =ROUND((BD43/AZ43),2) -> #DIV/0! | BF43: =ROUND((BE43/BA43), 2) -> #DIV/0! | BK43: =INDEX('WEG Motor'!$B$3:$AZ$55, MATCH(BI43,'WEG Motor'!$A$3:$A$55,0), MATCH(BJ43,'WEG Motor'!$B$2:$AZ$2,0))% -> #N/A | BL43: 0.92 | BO43: =ROUND(((($BT$6*$BW$5*(C38*0.001)*D43)/1000)/BM43), 2) -> #DIV/0! | BP43: =ROUND((BO43/BK43),2) -> #DIV/0! | BQ43: =ROUND((BP43/BL43), 2) -> #DIV/0!
